motivo,detalle,tipo_informe,document_id,student_id,alumno_pie360,rut,school_id,liceo,tiene_familia_pie360,tiene_psico_pie360,archivo_drive,nombre_en_drive,drive_file_id,link_drive
(No estan en pie360),Archivo en Drive sin alumno asociado en PIE360,Informe a la Familia,7,,,,3,Liceo Mixto Bicentenario Los Andes Media,no,no,InformeFamilia_2C-Maximiliano Espinola.docx,Maximiliano Espinola,1IpaO4QfNLEedtvSbKVnCw14B4vW6z1O1,https://docs.google.com/document/d/1IpaO4QfNLEedtvSbKVnCw14B4vW6z1O1/edit?usp=drivesdk&ouid=102199551013201647615&rtpof=true&sd=true
(No estan en pie360),Archivo en Drive sin alumno asociado en PIE360,Informe a la Familia,7,,,,4,Liceo Particular Mixto San Felipe Basica,no,no,6°C Ashlyn Santos BSF.docx,6°C Ashlyn Santos BSF,1xqyk0nWUY_c-lRSL5gj5_te2W3OoFcPC,https://docs.google.com/document/d/1xqyk0nWUY_c-lRSL5gj5_te2W3OoFcPC/edit?usp=drivesdk&ouid=102199551013201647615&rtpof=true&sd=true
(No estan en pie360),Archivo en Drive sin alumno asociado en PIE360,Informe a la Familia,7,,,,4,Liceo Particular Mixto San Felipe Basica,no,no,4°C DAZLYN SANDOVAL.docx,4°C DAZLYN SANDOVAL,1bW1eVM-oRlRgRrCWxNIpB8d_6ZxaKw8x,https://docs.google.com/document/d/1bW1eVM-oRlRgRrCWxNIpB8d_6ZxaKw8x/edit?usp=drivesdk&ouid=102199551013201647615&rtpof=true&sd=true
(No estan en pie360),Archivo en Drive sin alumno asociado en PIE360,Informe Psicopedagógico,27,,,,2,Liceo Mixto Bicentenario Los Andes Basica 2,no,no,7°A-ANTONELHA PICHUN- TDA.docx,7°A-ANTONELHA PICHUN- TDA,16HXhq5WwJ8vD8cUhBzYJrgcUHEx8hwsd,https://docs.google.com/document/d/16HXhq5WwJ8vD8cUhBzYJrgcUHEx8hwsd/edit?usp=drivesdk&ouid=102199551013201647615&rtpof=true&sd=true
(No estan en pie360),Archivo en Drive sin alumno asociado en PIE360,Informe Psicopedagógico,27,,,,2,Liceo Mixto Bicentenario Los Andes Basica 2,no,no,6°B-  KIARA ALBORNOZ- TDA.docx,6°B-  KIARA ALBORNOZ- TDA,10305hWIy8VqnMiD4DBSNA1PL77HmaGdf,https://docs.google.com/document/d/10305hWIy8VqnMiD4DBSNA1PL77HmaGdf/edit?usp=drivesdk&ouid=102199551013201647615&rtpof=true&sd=true
(No estan en pie360),Archivo en Drive sin alumno asociado en PIE360,Informe Psicopedagógico,27,,,,2,Liceo Mixto Bicentenario Los Andes Basica 2,no,no,5°A-ALONSO VILLALOBOS - TDA.docx,5°A-ALONSO VILLALOBOS - TDA,1ITjmJshdZWC20yx4595GybTUtI6_jfSc,https://docs.google.com/document/d/1ITjmJshdZWC20yx4595GybTUtI6_jfSc/edit?usp=drivesdk&ouid=102199551013201647615&rtpof=true&sd=true
(No estan en pie360),Archivo en Drive sin alumno asociado en PIE360,Informe Psicopedagógico,27,,,,2,Liceo Mixto Bicentenario Los Andes Basica 2,no,no,7°A-JOAQUIN HERNANDEZ - TDA.docx,7°A-JOAQUIN HERNANDEZ - TDA,1LZCqForB_1W_ni3sKcjQ-N3MsmqlfDVr,https://docs.google.com/document/d/1LZCqForB_1W_ni3sKcjQ-N3MsmqlfDVr/edit?usp=drivesdk&ouid=102199551013201647615&rtpof=true&sd=true
(No estan en pie360),Archivo en Drive sin alumno asociado en PIE360,Informe Psicopedagógico,27,,,,2,Liceo Mixto Bicentenario Los Andes Basica 2,no,no,6°A-LUIS CHAVARRIA- TDA.docx,6°A-LUIS CHAVARRIA- TDA,1Obmf_XFwpwq3WaREnDGZPBT-DlqBRlBr,https://docs.google.com/document/d/1Obmf_XFwpwq3WaREnDGZPBT-DlqBRlBr/edit?usp=drivesdk&ouid=102199551013201647615&rtpof=true&sd=true
(No estan en pie360),Archivo en Drive sin alumno asociado en PIE360,Informe Psicopedagógico,27,,,,2,Liceo Mixto Bicentenario Los Andes Basica 2,no,no,3°A-EITHAN SALINAS- TL.docx,3°A-EITHAN SALINAS- TL,1MDcHbfnbpEQ-f5AEpMGrfzS7l7K04B4T,https://docs.google.com/document/d/1MDcHbfnbpEQ-f5AEpMGrfzS7l7K04B4T/edit?usp=drivesdk&ouid=102199551013201647615&rtpof=true&sd=true
(No estan en pie360),Archivo en Drive sin alumno asociado en PIE360,Informe Psicopedagógico,27,,,,2,Liceo Mixto Bicentenario Los Andes Basica 2,no,no,4°B-JOEL PARRA- TDA.docx,4°B-JOEL PARRA- TDA,1SUS23DA_zzIQc29pIMdrlmwNYTZA9D8P,https://docs.google.com/document/d/1SUS23DA_zzIQc29pIMdrlmwNYTZA9D8P/edit?usp=drivesdk&ouid=102199551013201647615&rtpof=true&sd=true
(No estan en pie360),Archivo en Drive sin alumno asociado en PIE360,Informe Psicopedagógico,27,,,,2,Liceo Mixto Bicentenario Los Andes Basica 2,no,no,2°B- GONZALO FIGUEROA- TL.docx,2°B- GONZALO FIGUEROA- TL,11zGvyeUTFUH3zRhDqHtHjH4TRPPd-4yf,https://docs.google.com/document/d/11zGvyeUTFUH3zRhDqHtHjH4TRPPd-4yf/edit?usp=drivesdk&ouid=102199551013201647615&rtpof=true&sd=true
(No estan en pie360),Archivo en Drive sin alumno asociado en PIE360,Informe Psicopedagógico,27,,,,2,Liceo Mixto Bicentenario Los Andes Basica 2,no,no,7°B- JAVIERA DIAZ- DIL.docx,7°B- JAVIERA DIAZ- DIL,1ju3etbZPX-4k2If1xRvmQK9S5kP0yZiS,https://docs.google.com/document/d/1ju3etbZPX-4k2If1xRvmQK9S5kP0yZiS/edit?usp=drivesdk&ouid=102199551013201647615&rtpof=true&sd=true
(No estan en pie360),Archivo en Drive sin alumno asociado en PIE360,Informe Psicopedagógico,27,,,,2,Liceo Mixto Bicentenario Los Andes Basica 2,no,no,3°B-GIOVANNI NAVEA-   TL.docx,3°B-GIOVANNI NAVEA-   TL,1O8VLgasM4vhQlGYENgRQw5Mn8-1LCKdN,https://docs.google.com/document/d/1O8VLgasM4vhQlGYENgRQw5Mn8-1LCKdN/edit?usp=drivesdk&ouid=102199551013201647615&rtpof=true&sd=true
(No estan en pie360),Archivo en Drive sin alumno asociado en PIE360,Informe Psicopedagógico,27,,,,2,Liceo Mixto Bicentenario Los Andes Basica 2,no,no,PRE KINDER B- SOFIA HERNANDEZ - TEA.docx,PRE KINDER B- SOFIA HERNANDEZ - TEA,1qa86F2A_1ly1QYNFwKYCzhajGtKt7vW1,https://docs.google.com/document/d/1qa86F2A_1ly1QYNFwKYCzhajGtKt7vW1/edit?usp=drivesdk&ouid=102199551013201647615&rtpof=true&sd=true
(No estan en pie360),Archivo en Drive sin alumno asociado en PIE360,Informe Psicopedagógico,27,,,,2,Liceo Mixto Bicentenario Los Andes Basica 2,no,no,PRE KINDER B- MARTIN QUIROZ- TEA.docx,PRE KINDER B- MARTIN QUIROZ- TEA,1Xb3mQAQM5d_t77JEBMPj93ljivoVEQD_,https://docs.google.com/document/d/1Xb3mQAQM5d_t77JEBMPj93ljivoVEQD_/edit?usp=drivesdk&ouid=102199551013201647615&rtpof=true&sd=true
(No estan en pie360),Archivo en Drive sin alumno asociado en PIE360,Informe Psicopedagógico,27,,,,2,Liceo Mixto Bicentenario Los Andes Basica 2,no,no,PRE KINDER A- SEBASTIAN CORO- TEL.docx,PRE KINDER A- SEBASTIAN CORO- TEL,11Rum6SCaI4sA_n35dnF9Rdm1_MOr7YQZ,https://docs.google.com/document/d/11Rum6SCaI4sA_n35dnF9Rdm1_MOr7YQZ/edit?usp=drivesdk&ouid=102199551013201647615&rtpof=true&sd=true
(No estan en pie360),Archivo en Drive sin alumno asociado en PIE360,Informe Psicopedagógico,27,,,,2,Liceo Mixto Bicentenario Los Andes Basica 2,no,no,PRE KINDER A- AMANDA TAPIA - TEL.docx,PRE KINDER A- AMANDA TAPIA - TEL,1-qiXv1ufFnmySlO3ULma1YgnKsoe5RWe,https://docs.google.com/document/d/1-qiXv1ufFnmySlO3ULma1YgnKsoe5RWe/edit?usp=drivesdk&ouid=102199551013201647615&rtpof=true&sd=true
(No estan en pie360),Archivo en Drive sin alumno asociado en PIE360,Informe Psicopedagógico,27,,,,2,Liceo Mixto Bicentenario Los Andes Basica 2,no,no,KINDER B - DANTE ROJAS - TEA.docx,KINDER B - DANTE ROJAS - TEA,1y-O5EWNXHYTRFqo11h5_G6Vq9R2BeXzS,https://docs.google.com/document/d/1y-O5EWNXHYTRFqo11h5_G6Vq9R2BeXzS/edit?usp=drivesdk&ouid=102199551013201647615&rtpof=true&sd=true
(No estan en pie360),Archivo en Drive sin alumno asociado en PIE360,Informe Psicopedagógico,27,,,,2,Liceo Mixto Bicentenario Los Andes Basica 2,no,no,PRE KINDER B- AMANDA COSSIO - TEL.docx,PRE KINDER B- AMANDA COSSIO - TEL,1IpDRb0Dit2Cc4UTgfrV6yg9za8-UmURm,https://docs.google.com/document/d/1IpDRb0Dit2Cc4UTgfrV6yg9za8-UmURm/edit?usp=drivesdk&ouid=102199551013201647615&rtpof=true&sd=true
(No estan en pie360),Archivo en Drive sin alumno asociado en PIE360,Informe Psicopedagógico,27,,,,2,Liceo Mixto Bicentenario Los Andes Basica 2,no,no,2°A- IVAN CERDA- CEA.docx,2°A- IVAN CERDA- CEA,1Ya9tpD5pO-9QjrhjN2iprciddDODDSqf,https://docs.google.com/document/d/1Ya9tpD5pO-9QjrhjN2iprciddDODDSqf/edit?usp=drivesdk&ouid=102199551013201647615&rtpof=true&sd=true
(No estan en pie360),Archivo en Drive sin alumno asociado en PIE360,Informe Psicopedagógico,27,,,,2,Liceo Mixto Bicentenario Los Andes Basica 2,no,no,PRE KINDER A-ALAN CHAVARRIA - TEL.docx,PRE KINDER A-ALAN CHAVARRIA - TEL,1feaXX1GGz6iDIWuyVOMmR-2SzVINXsIM,https://docs.google.com/document/d/1feaXX1GGz6iDIWuyVOMmR-2SzVINXsIM/edit?usp=drivesdk&ouid=102199551013201647615&rtpof=true&sd=true
(No estan en pie360),Archivo en Drive sin alumno asociado en PIE360,Informe Psicopedagógico,27,,,,2,Liceo Mixto Bicentenario Los Andes Basica 2,no,no,1°A- MATEO PINTO- CEA.docx,1°A- MATEO PINTO- CEA,1lnQJbtM_FVcJVQxVpRR6QAoUVqUYz2ng,https://docs.google.com/document/d/1lnQJbtM_FVcJVQxVpRR6QAoUVqUYz2ng/edit?usp=drivesdk&ouid=102199551013201647615&rtpof=true&sd=true
(No estan en pie360),Archivo en Drive sin alumno asociado en PIE360,Informe Psicopedagógico,27,,,,2,Liceo Mixto Bicentenario Los Andes Basica 2,no,no,4°A-ISABELLA VILLARROEL- CEA.docx,4°A-ISABELLA VILLARROEL- CEA,1aCx1Hso62HanhCRqJL7kr-HoswqBtp5Z,https://docs.google.com/document/d/1aCx1Hso62HanhCRqJL7kr-HoswqBtp5Z/edit?usp=drivesdk&ouid=102199551013201647615&rtpof=true&sd=true
(No estan en pie360),Archivo en Drive sin alumno asociado en PIE360,Informe Psicopedagógico,27,,,,2,Liceo Mixto Bicentenario Los Andes Basica 2,no,no,6°A-SIMON LADRON DE GUEVARA- CEA.docx,6°A-SIMON LADRON DE GUEVARA- CEA,1DaKWxWRkTLnnH5mx1L3COuR_TzkJCLcN,https://docs.google.com/document/d/1DaKWxWRkTLnnH5mx1L3COuR_TzkJCLcN/edit?usp=drivesdk&ouid=102199551013201647615&rtpof=true&sd=true
(No estan en pie360),Archivo en Drive sin alumno asociado en PIE360,Informe Psicopedagógico,27,,,,2,Liceo Mixto Bicentenario Los Andes Basica 2,no,no,3°A-NAHUM WRIGTH -CEA.docx,3°A-NAHUM WRIGTH -CEA,1teZVyOnA8HW_rJR1tnX8aagZOhjQ5upg,https://docs.google.com/document/d/1teZVyOnA8HW_rJR1tnX8aagZOhjQ5upg/edit?usp=drivesdk&ouid=102199551013201647615&rtpof=true&sd=true
(No estan en pie360),Archivo en Drive sin alumno asociado en PIE360,Informe Psicopedagógico,27,,,,2,Liceo Mixto Bicentenario Los Andes Basica 2,no,no,PRE KINDER A- ROLANDO ANJARI- TEA.docx,PRE KINDER A- ROLANDO ANJARI- TEA,15b-fJ3yrqxq1jsKxJDQCzUxwR7gFNkRT,https://docs.google.com/document/d/15b-fJ3yrqxq1jsKxJDQCzUxwR7gFNkRT/edit?usp=drivesdk&ouid=102199551013201647615&rtpof=true&sd=true
(No estan en pie360),Archivo en Drive sin alumno asociado en PIE360,Informe Psicopedagógico,27,,,,2,Liceo Mixto Bicentenario Los Andes Basica 2,no,no,6°B-  JOSE FIGUEROA -CEA.docx,6°B-  JOSE FIGUEROA -CEA,1zF3CFHl8YNCXn-_Irjm2AzD2dR7j97o2,https://docs.google.com/document/d/1zF3CFHl8YNCXn-_Irjm2AzD2dR7j97o2/edit?usp=drivesdk&ouid=102199551013201647615&rtpof=true&sd=true
(No estan en pie360),Archivo en Drive sin alumno asociado en PIE360,Informe Psicopedagógico,27,,,,2,Liceo Mixto Bicentenario Los Andes Basica 2,no,no,PRE KINDER A- MASSIEL DEBIASSI- TEL.docx,PRE KINDER A- MASSIEL DEBIASSI- TEL,1ZWLVVZU5BVkJwtVacqw0yKxNads6T_8i,https://docs.google.com/document/d/1ZWLVVZU5BVkJwtVacqw0yKxNads6T_8i/edit?usp=drivesdk&ouid=102199551013201647615&rtpof=true&sd=true
(No estan en pie360),Archivo en Drive sin alumno asociado en PIE360,Informe Psicopedagógico,27,,,,2,Liceo Mixto Bicentenario Los Andes Basica 2,no,no,PRE KINDER A- LUCIA JAQUE- TEL.docx,PRE KINDER A- LUCIA JAQUE- TEL,1ToHe6rWNjlPiOjFMcf62nJf2CgYi8vYy,https://docs.google.com/document/d/1ToHe6rWNjlPiOjFMcf62nJf2CgYi8vYy/edit?usp=drivesdk&ouid=102199551013201647615&rtpof=true&sd=true
(No estan en pie360),Archivo en Drive sin alumno asociado en PIE360,Informe Psicopedagógico,27,,,,2,Liceo Mixto Bicentenario Los Andes Basica 2,no,no,KINDER A- ALICIA AYALA- TEL.docx,KINDER A- ALICIA AYALA- TEL,1F884_8YFMimqpWmhBRLx3TXNLoNiXK-h,https://docs.google.com/document/d/1F884_8YFMimqpWmhBRLx3TXNLoNiXK-h/edit?usp=drivesdk&ouid=102199551013201647615&rtpof=true&sd=true
(No estan en pie360),Archivo en Drive sin alumno asociado en PIE360,Informe Psicopedagógico,27,,,,2,Liceo Mixto Bicentenario Los Andes Basica 2,no,no,3°B-BELEN GONZALEZ - DIL.docx,3°B-BELEN GONZALEZ - DIL,1FBATQy5MFCZXTihsItyHkAemaUXq0MVt,https://docs.google.com/document/d/1FBATQy5MFCZXTihsItyHkAemaUXq0MVt/edit?usp=drivesdk&ouid=102199551013201647615&rtpof=true&sd=true
(No estan en pie360),Archivo en Drive sin alumno asociado en PIE360,Informe Psicopedagógico,27,,,,2,Liceo Mixto Bicentenario Los Andes Basica 2,no,no,6°A-VICENTE SILVA - TDA.docx,6°A-VICENTE SILVA - TDA,18kehfAcQKz_5tJhmFMpbVITCamqw12DM,https://docs.google.com/document/d/18kehfAcQKz_5tJhmFMpbVITCamqw12DM/edit?usp=drivesdk&ouid=102199551013201647615&rtpof=true&sd=true
(No estan en pie360),Archivo en Drive sin alumno asociado en PIE360,Informe Psicopedagógico,27,,,,2,Liceo Mixto Bicentenario Los Andes Basica 2,no,no,PRE KINDER B- SEBASTIAN SAAVEDRA - TEL.docx,PRE KINDER B- SEBASTIAN SAAVEDRA - TEL,1l_LPzWh5oUYiEZVtCTFwLiMV1yEi8q_l,https://docs.google.com/document/d/1l_LPzWh5oUYiEZVtCTFwLiMV1yEi8q_l/edit?usp=drivesdk&ouid=102199551013201647615&rtpof=true&sd=true
(No estan en pie360),Archivo en Drive sin alumno asociado en PIE360,Informe Psicopedagógico,27,,,,2,Liceo Mixto Bicentenario Los Andes Basica 2,no,no,6°B-  LUCAS CONTRERAS -CEA.docx,6°B-  LUCAS CONTRERAS -CEA,1NtdloxgmI_aRnXYIeVeoMaK1eYjV2ylX,https://docs.google.com/document/d/1NtdloxgmI_aRnXYIeVeoMaK1eYjV2ylX/edit?usp=drivesdk&ouid=102199551013201647615&rtpof=true&sd=true
(No estan en pie360),Archivo en Drive sin alumno asociado en PIE360,Informe Psicopedagógico,27,,,,2,Liceo Mixto Bicentenario Los Andes Basica 2,no,no,PRE KINDER B- ALEX MADRIAGA- TEA.docx,PRE KINDER B- ALEX MADRIAGA- TEA,1ec4NsqC2OyGEBFz4qeg0LgyOUFOOD_zH,https://docs.google.com/document/d/1ec4NsqC2OyGEBFz4qeg0LgyOUFOOD_zH/edit?usp=drivesdk&ouid=102199551013201647615&rtpof=true&sd=true
(No estan en pie360),Archivo en Drive sin alumno asociado en PIE360,Informe Psicopedagógico,27,,,,2,Liceo Mixto Bicentenario Los Andes Basica 2,no,no,8°A- MATEO ERAZO- TDA.docx,8°A- MATEO ERAZO- TDA,1uGd24DchPM0x7D0lhEsWtKqVPbPozT9-,https://docs.google.com/document/d/1uGd24DchPM0x7D0lhEsWtKqVPbPozT9-/edit?usp=drivesdk&ouid=102199551013201647615&rtpof=true&sd=true
(No estan en pie360),Archivo en Drive sin alumno asociado en PIE360,Informe Psicopedagógico,27,,,,2,Liceo Mixto Bicentenario Los Andes Basica 2,no,no,2°B- NATALIA MUÑOZ- TDA.docx,2°B- NATALIA MUÑOZ- TDA,11oztX2zB_RDe3v6O1yjsApEIVwBHBQPl,https://docs.google.com/document/d/11oztX2zB_RDe3v6O1yjsApEIVwBHBQPl/edit?usp=drivesdk&ouid=102199551013201647615&rtpof=true&sd=true
(No estan en pie360),Archivo en Drive sin alumno asociado en PIE360,Informe Psicopedagógico,27,,,,2,Liceo Mixto Bicentenario Los Andes Basica 2,no,no,7°B- GABRIEL HERRERA- DIL.docx,7°B- GABRIEL HERRERA- DIL,1gH2UbxbKsvB8WJgSdbY2IGEU7tsPmL8W,https://docs.google.com/document/d/1gH2UbxbKsvB8WJgSdbY2IGEU7tsPmL8W/edit?usp=drivesdk&ouid=102199551013201647615&rtpof=true&sd=true
(No estan en pie360),Archivo en Drive sin alumno asociado en PIE360,Informe Psicopedagógico,27,,,,2,Liceo Mixto Bicentenario Los Andes Basica 2,no,no,8°B- GENECISS JOFRE - DIL.docx,8°B- GENECISS JOFRE - DIL,18sDSXzxEgBB2fi8RHYYAX_oHPsnwXN_E,https://docs.google.com/document/d/18sDSXzxEgBB2fi8RHYYAX_oHPsnwXN_E/edit?usp=drivesdk&ouid=102199551013201647615&rtpof=true&sd=true
(No estan en pie360),Archivo en Drive sin alumno asociado en PIE360,Informe Psicopedagógico,27,,,,2,Liceo Mixto Bicentenario Los Andes Basica 2,no,no,8°A- JEAN FALCONES- TDAH.docx,8°A- JEAN FALCONES- TDAH,1-Ameo7RxOUUp25JCFSTSG2_u4tRQbwMV,https://docs.google.com/document/d/1-Ameo7RxOUUp25JCFSTSG2_u4tRQbwMV/edit?usp=drivesdk&ouid=102199551013201647615&rtpof=true&sd=true
(No estan en pie360),Archivo en Drive sin alumno asociado en PIE360,Informe Psicopedagógico,27,,,,2,Liceo Mixto Bicentenario Los Andes Basica 2,no,no,5°A-VICENTE OLIVA - DIL.docx,5°A-VICENTE OLIVA - DIL,1EeBa-yTKtYS_lMTb5iPfjnMJiKRJ_sDp,https://docs.google.com/document/d/1EeBa-yTKtYS_lMTb5iPfjnMJiKRJ_sDp/edit?usp=drivesdk&ouid=102199551013201647615&rtpof=true&sd=true
(No estan en pie360),Archivo en Drive sin alumno asociado en PIE360,Informe Psicopedagógico,27,,,,2,Liceo Mixto Bicentenario Los Andes Basica 2,no,no,6°A- ALVARO SALINAS- CEA.docx,6°A- ALVARO SALINAS- CEA,1fGaSZRihNqHtSXjPwK_kRTh1QdzMJSRo,https://docs.google.com/document/d/1fGaSZRihNqHtSXjPwK_kRTh1QdzMJSRo/edit?usp=drivesdk&ouid=102199551013201647615&rtpof=true&sd=true
(No estan en pie360),Archivo en Drive sin alumno asociado en PIE360,Informe Psicopedagógico,27,,,,2,Liceo Mixto Bicentenario Los Andes Basica 2,no,no,PRE KINDER A- ELIAM- TEA.docx,PRE KINDER A- ELIAM- TEA,1gn1Uu5E_pZ03yXI_8bFRBd-xyN7b22Dw,https://docs.google.com/document/d/1gn1Uu5E_pZ03yXI_8bFRBd-xyN7b22Dw/edit?usp=drivesdk&ouid=102199551013201647615&rtpof=true&sd=true
(No estan en pie360),Archivo en Drive sin alumno asociado en PIE360,Informe Psicopedagógico,27,,,,2,Liceo Mixto Bicentenario Los Andes Basica 2,no,no,3°B-AUSTIN MARTINEZ - TEA.docx,3°B-AUSTIN MARTINEZ - TEA,1tpOdFU-dPWND0rfAyHKCVylhWpOClYT9,https://docs.google.com/document/d/1tpOdFU-dPWND0rfAyHKCVylhWpOClYT9/edit?usp=drivesdk&ouid=102199551013201647615&rtpof=true&sd=true
(No estan en pie360),Archivo en Drive sin alumno asociado en PIE360,Informe Psicopedagógico,27,,,,2,Liceo Mixto Bicentenario Los Andes Basica 2,no,no,PRE KINDER B- VALENTINA MUÑOZ - TEL.docx,PRE KINDER B- VALENTINA MUÑOZ - TEL,1xRXURlXfSEdxCm_luJ4eAEDmRTxdA48x,https://docs.google.com/document/d/1xRXURlXfSEdxCm_luJ4eAEDmRTxdA48x/edit?usp=drivesdk&ouid=102199551013201647615&rtpof=true&sd=true
(No estan en pie360),Archivo en Drive sin alumno asociado en PIE360,Informe Psicopedagógico,27,,,,2,Liceo Mixto Bicentenario Los Andes Basica 2,no,no,PRE KINDER B-HUGO JADAD- TEL.docx,PRE KINDER B-HUGO JADAD- TEL,1piDrRZzqNSXlrEbXLt8KclCDofPIQMwY,https://docs.google.com/document/d/1piDrRZzqNSXlrEbXLt8KclCDofPIQMwY/edit?usp=drivesdk&ouid=102199551013201647615&rtpof=true&sd=true
(No estan en pie360),Archivo en Drive sin alumno asociado en PIE360,Informe Psicopedagógico,27,,,,2,Liceo Mixto Bicentenario Los Andes Basica 2,no,no,KINDER A - CAMILO SILVA - TEA.docx,KINDER A - CAMILO SILVA - TEA,1ChqC4HJ05BtT54KYwms_3hvPSRMtUY_D,https://docs.google.com/document/d/1ChqC4HJ05BtT54KYwms_3hvPSRMtUY_D/edit?usp=drivesdk&ouid=102199551013201647615&rtpof=true&sd=true
(No estan en pie360),Archivo en Drive sin alumno asociado en PIE360,Informe Psicopedagógico,27,,,,2,Liceo Mixto Bicentenario Los Andes Basica 2,no,no,5°B- IGNACIO ROBLES- TDA.docx,5°B- IGNACIO ROBLES- TDA,1fHDztqi_QcVKzeYwWXKkAcj3oi1lvfdV,https://docs.google.com/document/d/1fHDztqi_QcVKzeYwWXKkAcj3oi1lvfdV/edit?usp=drivesdk&ouid=102199551013201647615&rtpof=true&sd=true
(No estan en pie360),Archivo en Drive sin alumno asociado en PIE360,Informe Psicopedagógico,27,,,,2,Liceo Mixto Bicentenario Los Andes Basica 2,no,no,2°A- PEDRO PALOMINOS- TL.docx,2°A- PEDRO PALOMINOS- TL,1qJzcLDqzroidbx2BMR2kw_RGgs8E2cJT,https://docs.google.com/document/d/1qJzcLDqzroidbx2BMR2kw_RGgs8E2cJT/edit?usp=drivesdk&ouid=102199551013201647615&rtpof=true&sd=true
(No estan en pie360),Archivo en Drive sin alumno asociado en PIE360,Informe Psicopedagógico,27,,,,2,Liceo Mixto Bicentenario Los Andes Basica 2,no,no,KINDER A- AMBAR RESTREPO - TL.docx,KINDER A- AMBAR RESTREPO - TL,1eLaYtub6isSYSOoFRdEF7fG-5eIbecb1,https://docs.google.com/document/d/1eLaYtub6isSYSOoFRdEF7fG-5eIbecb1/edit?usp=drivesdk&ouid=102199551013201647615&rtpof=true&sd=true
(No estan en pie360),Archivo en Drive sin alumno asociado en PIE360,Informe Psicopedagógico,27,,,,2,Liceo Mixto Bicentenario Los Andes Basica 2,no,no,KINDER A- EVAN ALVAREZ- TEL.docx,KINDER A- EVAN ALVAREZ- TEL,1YR-rMQScwHon1IepJ34aHLAjdDl4o2_k,https://docs.google.com/document/d/1YR-rMQScwHon1IepJ34aHLAjdDl4o2_k/edit?usp=drivesdk&ouid=102199551013201647615&rtpof=true&sd=true
(No estan en pie360),Archivo en Drive sin alumno asociado en PIE360,Informe Psicopedagógico,27,,,,2,Liceo Mixto Bicentenario Los Andes Basica 2,no,no,3°B-DARA CARRERA -TDAH.docx,3°B-DARA CARRERA -TDAH,1RWxckegqMOXwHG76ND1vxogKmvaGshiI,https://docs.google.com/document/d/1RWxckegqMOXwHG76ND1vxogKmvaGshiI/edit?usp=drivesdk&ouid=102199551013201647615&rtpof=true&sd=true
(No estan en pie360),Archivo en Drive sin alumno asociado en PIE360,Informe Psicopedagógico,27,,,,2,Liceo Mixto Bicentenario Los Andes Basica 2,no,no,PRE KINDER B- AMANDA VASQUEZ - TEL.docx,PRE KINDER B- AMANDA VASQUEZ - TEL,1M4zeBq69Amwm67RMUo4Mn6E-SG9AjbDV,https://docs.google.com/document/d/1M4zeBq69Amwm67RMUo4Mn6E-SG9AjbDV/edit?usp=drivesdk&ouid=102199551013201647615&rtpof=true&sd=true
(No estan en pie360),Archivo en Drive sin alumno asociado en PIE360,Informe Psicopedagógico,27,,,,4,Liceo Particular Mixto San Felipe Basica,no,no,7°A Agustín Herrera DEA.docx,7°A Agustín Herrera DEA,1Y6CIvbU5UMpOOIYCW3fFB_8054VZ0LGE,https://docs.google.com/document/d/1Y6CIvbU5UMpOOIYCW3fFB_8054VZ0LGE/edit?usp=drivesdk&ouid=102199551013201647615&rtpof=true&sd=true
(No estan en pie360),Archivo en Drive sin alumno asociado en PIE360,Informe Psicopedagógico,27,,,,1,Liceo Mixto Los Andes Basica 1,no,no,1B_PABLO_CAMPOS.docx,1B PABLO CAMPOS,1Q9aW0U5GE1CFjnGjEGXUTqAS-iCB9eeZ,https://docs.google.com/document/d/1Q9aW0U5GE1CFjnGjEGXUTqAS-iCB9eeZ/edit?usp=drivesdk&ouid=102199551013201647615&rtpof=true&sd=true
(No estan en pie360),Archivo en Drive sin alumno asociado en PIE360,Informe Psicopedagógico,27,,,,4,Liceo Particular Mixto San Felipe Basica,no,no,K°A Mateo Corrales RGD.docx,K°A Mateo Corrales RGD,1p7hhIdNwWie74gNLdjuo0RkOkZoY8Jy_,https://docs.google.com/document/d/1p7hhIdNwWie74gNLdjuo0RkOkZoY8Jy_/edit?usp=drivesdk&ouid=102199551013201647615&rtpof=true&sd=true
(No estan en pie360),Archivo en Drive sin alumno asociado en PIE360,Informe Psicopedagógico,27,,,,4,Liceo Particular Mixto San Felipe Basica,no,no,1°C Marco Díaz FIL.docx,1°C Marco Díaz FIL,1HdMedDGzSQFJ9KqHQHNuvJFIJh8YpC3R,https://docs.google.com/document/d/1HdMedDGzSQFJ9KqHQHNuvJFIJh8YpC3R/edit?usp=drivesdk&ouid=102199551013201647615&rtpof=true&sd=true
(No estan en pie360),Archivo en Drive sin alumno asociado en PIE360,Informe Psicopedagógico,27,,,,1,Liceo Mixto Los Andes Basica 1,no,no,3B_VALENTÍN_RUBILAR.docx,3B VALENTÍN RUBILAR,1srZh3QqvoWq01PteaVwNFMtuinsyGlHn,https://docs.google.com/document/d/1srZh3QqvoWq01PteaVwNFMtuinsyGlHn/edit?usp=drivesdk&ouid=102199551013201647615&rtpof=true&sd=true
(No estan en pie360),Archivo en Drive sin alumno asociado en PIE360,Informe Psicopedagógico,27,,,,1,Liceo Mixto Los Andes Basica 1,no,no,KC_EMMA_OSORIO.docx,KC EMMA OSORIO,1usqY7-FoflYJ4wSuZssv-9kRq8hWjzrD,https://docs.google.com/document/d/1usqY7-FoflYJ4wSuZssv-9kRq8hWjzrD/edit?usp=drivesdk&ouid=102199551013201647615&rtpof=true&sd=true
(No estan en pie360),Archivo en Drive sin alumno asociado en PIE360,Informe Psicopedagógico,27,,,,1,Liceo Mixto Los Andes Basica 1,no,no,8C_JANS_SALINAS.docx,8C JANS SALINAS,1zb8XV-nD_BBVRo3vEpYtnn3lQ0S89j0U,https://docs.google.com/document/d/1zb8XV-nD_BBVRo3vEpYtnn3lQ0S89j0U/edit?usp=drivesdk&ouid=102199551013201647615&rtpof=true&sd=true
(No estan en pie360),Archivo en Drive sin alumno asociado en PIE360,Informe Psicopedagógico,27,,,,1,Liceo Mixto Los Andes Basica 1,no,no,3A_ASTRID_ROBLES.docx,3A ASTRID ROBLES,1HhpWwX4dhgxkkBU-kFwdE8JrhCXcNI7A,https://docs.google.com/document/d/1HhpWwX4dhgxkkBU-kFwdE8JrhCXcNI7A/edit?usp=drivesdk&ouid=102199551013201647615&rtpof=true&sd=true
(No estan en pie360),Archivo en Drive sin alumno asociado en PIE360,Informe Psicopedagógico,27,,,,1,Liceo Mixto Los Andes Basica 1,no,no,2B_PEDRO_SOBARZO.docx,2B PEDRO SOBARZO,10eUwhUxtAcdC9yLQ4Vh-8YY3G8isd0dQ,https://docs.google.com/document/d/10eUwhUxtAcdC9yLQ4Vh-8YY3G8isd0dQ/edit?usp=drivesdk&ouid=102199551013201647615&rtpof=true&sd=true
(No estan en pie360),Archivo en Drive sin alumno asociado en PIE360,Informe Psicopedagógico,27,,,,1,Liceo Mixto Los Andes Basica 1,no,no,5C_TRINIDAD_VERA.docx,5C TRINIDAD VERA,1kZ_cn7mwk4UoKfnGiLEMBzFyjpJTG32I,https://docs.google.com/document/d/1kZ_cn7mwk4UoKfnGiLEMBzFyjpJTG32I/edit?usp=drivesdk&ouid=102199551013201647615&rtpof=true&sd=true
(No estan en pie360),Archivo en Drive sin alumno asociado en PIE360,Informe Psicopedagógico,27,,,,1,Liceo Mixto Los Andes Basica 1,no,no,5B_PASCAL_SOBARZO.docx,5B PASCAL SOBARZO,1JHmy0N-enmOBgdpnGzx84cpVI6ODP20b,https://docs.google.com/document/d/1JHmy0N-enmOBgdpnGzx84cpVI6ODP20b/edit?usp=drivesdk&ouid=102199551013201647615&rtpof=true&sd=true
(No estan en pie360),Archivo en Drive sin alumno asociado en PIE360,Informe Psicopedagógico,27,,,,4,Liceo Particular Mixto San Felipe Basica,no,no,DAFNIKA_SAINTFORT.docx,DAFNIKA SAINTFORT,1Rst1Ui3CfcijJctdXOYdYRD1PTXIkr1N,https://docs.google.com/document/d/1Rst1Ui3CfcijJctdXOYdYRD1PTXIkr1N/edit?usp=drivesdk&ouid=102199551013201647615&rtpof=true&sd=true
(No estan en pie360),Archivo en Drive sin alumno asociado en PIE360,Informe Psicopedagógico,27,,,,1,Liceo Mixto Los Andes Basica 1,no,no,2B_ISABELLA_ARANCIBIA.docx,2B ISABELLA ARANCIBIA,1yso8ITlZRZdKH3332iTwrYifDbfNQ_R9,https://docs.google.com/document/d/1yso8ITlZRZdKH3332iTwrYifDbfNQ_R9/edit?usp=drivesdk&ouid=102199551013201647615&rtpof=true&sd=true
(No estan en pie360),Archivo en Drive sin alumno asociado en PIE360,Informe Psicopedagógico,27,,,,4,Liceo Particular Mixto San Felipe Basica,no,no,1°A Gael Videla TL.docx,1°A Gael Videla TL,1hTEgXOD8k2vP2pR3zpL3v0ATFPZQGpuj,https://docs.google.com/document/d/1hTEgXOD8k2vP2pR3zpL3v0ATFPZQGpuj/edit?usp=drivesdk&ouid=102199551013201647615&rtpof=true&sd=true
(No estan en pie360),Archivo en Drive sin alumno asociado en PIE360,Informe Psicopedagógico,27,,,,1,Liceo Mixto Los Andes Basica 1,no,no,KC_ANANDA_OLMOS.docx,KC ANANDA OLMOS,1uwAinyR6B9G5dbeXOzFnSwl6SuMuk0wT,https://docs.google.com/document/d/1uwAinyR6B9G5dbeXOzFnSwl6SuMuk0wT/edit?usp=drivesdk&ouid=102199551013201647615&rtpof=true&sd=true
(No estan en pie360),Archivo en Drive sin alumno asociado en PIE360,Informe Psicopedagógico,27,,,,4,Liceo Particular Mixto San Felipe Basica,no,no,8°D Máximo Toledo TDA-H.docx,8°D Máximo Toledo TDA-H,1unF09vesuKhkGEWjudGtKWWByky1rkKm,https://docs.google.com/document/d/1unF09vesuKhkGEWjudGtKWWByky1rkKm/edit?usp=drivesdk&ouid=102199551013201647615&rtpof=true&sd=true
(No estan en pie360),Archivo en Drive sin alumno asociado en PIE360,Informe Psicopedagógico,27,,,,1,Liceo Mixto Los Andes Basica 1,no,no,6C_DYLAN_JARA.docx,6C DYLAN JARA,1hq0EERwhNWvd7BXICyK9P2B5dxmB-PJX,https://docs.google.com/document/d/1hq0EERwhNWvd7BXICyK9P2B5dxmB-PJX/edit?usp=drivesdk&ouid=102199551013201647615&rtpof=true&sd=true
(No estan en pie360),Archivo en Drive sin alumno asociado en PIE360,Informe Psicopedagógico,27,,,,4,Liceo Particular Mixto San Felipe Basica,no,no,4°C Cristián Figueroa DEA CÁLCULO.docx,4°C Cristián Figueroa DEA CÁLCULO,1BpeXkKtL3IdBd2dm8t1TdR6Aj-oF7dpF,https://docs.google.com/document/d/1BpeXkKtL3IdBd2dm8t1TdR6Aj-oF7dpF/edit?usp=drivesdk&ouid=102199551013201647615&rtpof=true&sd=true
(No estan en pie360),Archivo en Drive sin alumno asociado en PIE360,Informe Psicopedagógico,27,,,,1,Liceo Mixto Los Andes Basica 1,no,no,8B_MAXIMO_ARREDONDO.docx,8B MAXIMO ARREDONDO,1NYikESSLDneAkqmg2WHVNrmnHwDck4Ml,https://docs.google.com/document/d/1NYikESSLDneAkqmg2WHVNrmnHwDck4Ml/edit?usp=drivesdk&ouid=102199551013201647615&rtpof=true&sd=true
(No estan en pie360),Archivo en Drive sin alumno asociado en PIE360,Informe Psicopedagógico,27,,,,1,Liceo Mixto Los Andes Basica 1,no,no,6C_JOAQUÍN_CELEDÓN.docx,6C JOAQUÍN CELEDÓN,1htKZlIs5uGB5CN88k8QvYiL6bXp6zCFj,https://docs.google.com/document/d/1htKZlIs5uGB5CN88k8QvYiL6bXp6zCFj/edit?usp=drivesdk&ouid=102199551013201647615&rtpof=true&sd=true
(No estan en pie360),Archivo en Drive sin alumno asociado en PIE360,Informe Psicopedagógico,27,,,,4,Liceo Particular Mixto San Felipe Basica,no,no,5°D Adiel González TDA.docx,5°D Adiel González TDA,1BjfEVBosESnEB9I6VkOOXIb45WZi6_3k,https://docs.google.com/document/d/1BjfEVBosESnEB9I6VkOOXIb45WZi6_3k/edit?usp=drivesdk&ouid=102199551013201647615&rtpof=true&sd=true
(No estan en pie360),Archivo en Drive sin alumno asociado en PIE360,Informe Psicopedagógico,27,,,,4,Liceo Particular Mixto San Felipe Basica,no,no,4°C Liz Godoy TEA exc.docx,4°C Liz Godoy TEA exc,1VtMIFRUb0EsxvVUr_cLEHpHmcsnxjKnA,https://docs.google.com/document/d/1VtMIFRUb0EsxvVUr_cLEHpHmcsnxjKnA/edit?usp=drivesdk&ouid=102199551013201647615&rtpof=true&sd=true
(No estan en pie360),Archivo en Drive sin alumno asociado en PIE360,Informe Psicopedagógico,27,,,,1,Liceo Mixto Los Andes Basica 1,no,no,8B_KHIARA_RUIZ.docx,8B KHIARA RUIZ,1zUQNXXvBsA0dND75bjo5hzoq8obTTuga,https://docs.google.com/document/d/1zUQNXXvBsA0dND75bjo5hzoq8obTTuga/edit?usp=drivesdk&ouid=102199551013201647615&rtpof=true&sd=true
(No estan en pie360),Archivo en Drive sin alumno asociado en PIE360,Informe Psicopedagógico,27,,,,1,Liceo Mixto Los Andes Basica 1,no,no,KA_ALONSO_MUÑOZ.docx,KA ALONSO MUÑOZ,1vejzzrjwqNNIjLtHTnpBoFWnp2y0wZir,https://docs.google.com/document/d/1vejzzrjwqNNIjLtHTnpBoFWnp2y0wZir/edit?usp=drivesdk&ouid=102199551013201647615&rtpof=true&sd=true
(No estan en pie360),Archivo en Drive sin alumno asociado en PIE360,Informe Psicopedagógico,27,,,,4,Liceo Particular Mixto San Felipe Basica,no,no,6°C María José Ríos TDAH.docx,6°C María José Ríos TDAH,1Mdu5KX2bcB3w8y76wsr1MhCqAWUsXwqA,https://docs.google.com/document/d/1Mdu5KX2bcB3w8y76wsr1MhCqAWUsXwqA/edit?usp=drivesdk&ouid=102199551013201647615&rtpof=true&sd=true
(No estan en pie360),Archivo en Drive sin alumno asociado en PIE360,Informe Psicopedagógico,27,,,,4,Liceo Particular Mixto San Felipe Basica,no,no,4°C Dazlyn Sandoval FIL.docx,4°C Dazlyn Sandoval FIL,1pxDPbRVk7Oi2g0UfeJGuvKVE6C37kADd,https://docs.google.com/document/d/1pxDPbRVk7Oi2g0UfeJGuvKVE6C37kADd/edit?usp=drivesdk&ouid=102199551013201647615&rtpof=true&sd=true
(No estan en pie360),Archivo en Drive sin alumno asociado en PIE360,Informe Psicopedagógico,27,,,,4,Liceo Particular Mixto San Felipe Basica,no,no,7°C Alexis Solis FIL.docx,7°C Alexis Solis FIL,1GJRGDUT9LU6nGUR26e5sqeKggaR7EST1,https://docs.google.com/document/d/1GJRGDUT9LU6nGUR26e5sqeKggaR7EST1/edit?usp=drivesdk&ouid=102199551013201647615&rtpof=true&sd=true
(No estan en pie360),Archivo en Drive sin alumno asociado en PIE360,Informe Psicopedagógico,27,,,,1,Liceo Mixto Los Andes Basica 1,no,no,5A_FERNANDA_DIAZ.docx,5A FERNANDA DIAZ,1vpV1qC3MsXn-_z0pKh23vAEk43880moO,https://docs.google.com/document/d/1vpV1qC3MsXn-_z0pKh23vAEk43880moO/edit?usp=drivesdk&ouid=102199551013201647615&rtpof=true&sd=true
(No estan en pie360),Archivo en Drive sin alumno asociado en PIE360,Informe Psicopedagógico,27,,,,1,Liceo Mixto Los Andes Basica 1,no,no,6C_IGNACIA_MUÑOZ.docx,6C IGNACIA MUÑOZ,1pbLcwjs8iEMM-87JERRnLbObAl3kDGzr,https://docs.google.com/document/d/1pbLcwjs8iEMM-87JERRnLbObAl3kDGzr/edit?usp=drivesdk&ouid=102199551013201647615&rtpof=true&sd=true
(No estan en pie360),Archivo en Drive sin alumno asociado en PIE360,Informe Psicopedagógico,27,,,,1,Liceo Mixto Los Andes Basica 1,no,no,5C_GAEL_ROJO.docx,5C GAEL ROJO,1_2DijZrlEDJxoGuXlqpxxs-XK6iz3UlQ,https://docs.google.com/document/d/1_2DijZrlEDJxoGuXlqpxxs-XK6iz3UlQ/edit?usp=drivesdk&ouid=102199551013201647615&rtpof=true&sd=true
(No estan en pie360),Archivo en Drive sin alumno asociado en PIE360,Informe Psicopedagógico,27,,,,1,Liceo Mixto Los Andes Basica 1,no,no,4B_AGUSTINA_GALLARDO.docx,4B AGUSTINA GALLARDO,1Dzkrj15q0nVWJGnI0T68kvPORL-3e7Fu,https://docs.google.com/document/d/1Dzkrj15q0nVWJGnI0T68kvPORL-3e7Fu/edit?usp=drivesdk&ouid=102199551013201647615&rtpof=true&sd=true
(No estan en pie360),Archivo en Drive sin alumno asociado en PIE360,Informe Psicopedagógico,27,,,,1,Liceo Mixto Los Andes Basica 1,no,no,2B_DYLHAN_LUNA.docx,2B DYLHAN LUNA,1YLJYKb6y5v4nAbvb7ZlevlSKzu3-iQp9,https://docs.google.com/document/d/1YLJYKb6y5v4nAbvb7ZlevlSKzu3-iQp9/edit?usp=drivesdk&ouid=102199551013201647615&rtpof=true&sd=true
(No estan en pie360),Archivo en Drive sin alumno asociado en PIE360,Informe Psicopedagógico,27,,,,1,Liceo Mixto Los Andes Basica 1,no,no,KC_MIA_LEZAMA.docx,KC MIA LEZAMA,1Mp-yC1usbGggTfS0TIp483Xi-EHuA5fa,https://docs.google.com/document/d/1Mp-yC1usbGggTfS0TIp483Xi-EHuA5fa/edit?usp=drivesdk&ouid=102199551013201647615&rtpof=true&sd=true
(No estan en pie360),Archivo en Drive sin alumno asociado en PIE360,Informe Psicopedagógico,27,,,,4,Liceo Particular Mixto San Felipe Basica,no,no,7°B Ignacia Vergara TEA.docx,7°B Ignacia Vergara TEA,1YglU4XOr5q2HeU3jpYE7uhWaM2QTNQ3j,https://docs.google.com/document/d/1YglU4XOr5q2HeU3jpYE7uhWaM2QTNQ3j/edit?usp=drivesdk&ouid=102199551013201647615&rtpof=true&sd=true
(No estan en pie360),Archivo en Drive sin alumno asociado en PIE360,Informe Psicopedagógico,27,,,,4,Liceo Particular Mixto San Felipe Basica,no,no,8°D Nelson Galdámez TDA-H.docx,8°D Nelson Galdámez TDA-H,1N5ZsE-Q_RVdlOhp6RpigDiR2QLZIFhrA,https://docs.google.com/document/d/1N5ZsE-Q_RVdlOhp6RpigDiR2QLZIFhrA/edit?usp=drivesdk&ouid=102199551013201647615&rtpof=true&sd=true
(No estan en pie360),Archivo en Drive sin alumno asociado en PIE360,Informe Psicopedagógico,27,,,,2,Liceo Mixto Bicentenario Los Andes Basica 2,no,no,PRE KINDER B- THOMAS PIZARRO - TEA.docx,PRE KINDER B- THOMAS PIZARRO - TEA,1N6W4MMXtSFaNFu22OHKKQYTrDF1GSiL5,https://docs.google.com/document/d/1N6W4MMXtSFaNFu22OHKKQYTrDF1GSiL5/edit?usp=drivesdk&ouid=102199551013201647615&rtpof=true&sd=true
(No estan en pie360),Archivo en Drive sin alumno asociado en PIE360,Informe Psicopedagógico,27,,,,2,Liceo Mixto Bicentenario Los Andes Basica 2,no,no,1°B- NICOLAS GALDAMES - CEA.docx,1°B- NICOLAS GALDAMES - CEA,1gwIkLIOA8ZfeyU9C1DIBWZyIqsKmlfK8,https://docs.google.com/document/d/1gwIkLIOA8ZfeyU9C1DIBWZyIqsKmlfK8/edit?usp=drivesdk&ouid=102199551013201647615&rtpof=true&sd=true
(No estan en pie360),Archivo en Drive sin alumno asociado en PIE360,Informe Psicopedagógico,27,,,,4,Liceo Particular Mixto San Felipe Basica,no,no,4°B Pablo Moraga TEA.docx,4°B Pablo Moraga TEA,1ejYP5sGfARWVFm8vTukQLCl-aFSd3QF0,https://docs.google.com/document/d/1ejYP5sGfARWVFm8vTukQLCl-aFSd3QF0/edit?usp=drivesdk&ouid=102199551013201647615&rtpof=true&sd=true
(No estan en pie360),Archivo en Drive sin alumno asociado en PIE360,Informe Psicopedagógico,27,,,,4,Liceo Particular Mixto San Felipe Basica,no,no,K°A Ismael Poma TL.docx,K°A Ismael Poma TL,14xBc5oeRmBJNQwQJcoLfAx-zUE3ug18O,https://docs.google.com/document/d/14xBc5oeRmBJNQwQJcoLfAx-zUE3ug18O/edit?usp=drivesdk&ouid=102199551013201647615&rtpof=true&sd=true
(No estan en pie360),Archivo en Drive sin alumno asociado en PIE360,Informe Psicopedagógico,27,,,,1,Liceo Mixto Los Andes Basica 1,no,no,5B_EMILIANO_ARAYA.docx,5B EMILIANO ARAYA,1HCgGuDtI_FCeOuMEBI91XSg1lEirxf-I,https://docs.google.com/document/d/1HCgGuDtI_FCeOuMEBI91XSg1lEirxf-I/edit?usp=drivesdk&ouid=102199551013201647615&rtpof=true&sd=true
(No estan en pie360),Archivo en Drive sin alumno asociado en PIE360,Informe Psicopedagógico,27,,,,4,Liceo Particular Mixto San Felipe Basica,no,no,1°A Luis Contador TL..docx,1°A Luis Contador TL.,1VLtA44DCXNWCQN73ZQTZMOdShrBUoSf5,https://docs.google.com/document/d/1VLtA44DCXNWCQN73ZQTZMOdShrBUoSf5/edit?usp=drivesdk&ouid=102199551013201647615&rtpof=true&sd=true
(No estan en pie360),Archivo en Drive sin alumno asociado en PIE360,Informe Psicopedagógico,27,,,,1,Liceo Mixto Los Andes Basica 1,no,no,1B_ANGELO_CAMPOS.docx,1B ANGELO CAMPOS,1aNpZnaxNxhfi0rnqIrt1AQecyZcHAzlu,https://docs.google.com/document/d/1aNpZnaxNxhfi0rnqIrt1AQecyZcHAzlu/edit?usp=drivesdk&ouid=102199551013201647615&rtpof=true&sd=true
(No estan en pie360),Archivo en Drive sin alumno asociado en PIE360,Informe Psicopedagógico,27,,,,1,Liceo Mixto Los Andes Basica 1,no,no,7C_JUSTIN_SILVA.docx,7C JUSTIN SILVA,1wWrQiwnPU7zFCRJnDLkhAF4AgcvMIQfW,https://docs.google.com/document/d/1wWrQiwnPU7zFCRJnDLkhAF4AgcvMIQfW/edit?usp=drivesdk&ouid=102199551013201647615&rtpof=true&sd=true
(No estan en pie360),Archivo en Drive sin alumno asociado en PIE360,Informe Psicopedagógico,27,,,,1,Liceo Mixto Los Andes Basica 1,no,no,7A_DIEGO_GONZALEZ.docx,7A DIEGO GONZALEZ,1S08XikogTN5UTa-K0V_sUtS-k2nCx7aU,https://docs.google.com/document/d/1S08XikogTN5UTa-K0V_sUtS-k2nCx7aU/edit?usp=drivesdk&ouid=102199551013201647615&rtpof=true&sd=true
(No estan en pie360),Archivo en Drive sin alumno asociado en PIE360,Informe Psicopedagógico,27,,,,1,Liceo Mixto Los Andes Basica 1,no,no,KC_MAR_JORQUERA.docx,KC MAR JORQUERA,1sLz6cFoKWA6NS825Xk_w_HcCdedEuETG,https://docs.google.com/document/d/1sLz6cFoKWA6NS825Xk_w_HcCdedEuETG/edit?usp=drivesdk&ouid=102199551013201647615&rtpof=true&sd=true
(No estan en pie360),Archivo en Drive sin alumno asociado en PIE360,Informe Psicopedagógico,27,,,,1,Liceo Mixto Los Andes Basica 1,no,no,5C_DIEGO_FUENZALIDA.docx,5C DIEGO FUENZALIDA,13h7prmK-NTzoxw3v9f9Tgr6jTwZhys2R,https://docs.google.com/document/d/13h7prmK-NTzoxw3v9f9Tgr6jTwZhys2R/edit?usp=drivesdk&ouid=102199551013201647615&rtpof=true&sd=true
(No estan en pie360),Archivo en Drive sin alumno asociado en PIE360,Informe Psicopedagógico,27,,,,1,Liceo Mixto Los Andes Basica 1,no,no,KC_GASPAR_MIRANDA.docx,KC GASPAR MIRANDA,1RfatN3nRM4uFpL5G3POG1-1LqaCXhqLW,https://docs.google.com/document/d/1RfatN3nRM4uFpL5G3POG1-1LqaCXhqLW/edit?usp=drivesdk&ouid=102199551013201647615&rtpof=true&sd=true
(No estan en pie360),Archivo en Drive sin alumno asociado en PIE360,Informe Psicopedagógico,27,,,,1,Liceo Mixto Los Andes Basica 1,no,no,4B_VICENTE_MADRID.docx,4B VICENTE MADRID,1r1IAe7BeYWZNTBTkJ4-JkOyIZh8ldKnj,https://docs.google.com/document/d/1r1IAe7BeYWZNTBTkJ4-JkOyIZh8ldKnj/edit?usp=drivesdk&ouid=102199551013201647615&rtpof=true&sd=true
(No estan en pie360),Archivo en Drive sin alumno asociado en PIE360,Informe Psicopedagógico,27,,,,4,Liceo Particular Mixto San Felipe Basica,no,no,PK°B Alex Losantos RGD.docx,PK°B Alex Losantos RGD,1NQ7Bz0S5JHGNTIoHIbbX3EzKGd7b9UAf,https://docs.google.com/document/d/1NQ7Bz0S5JHGNTIoHIbbX3EzKGd7b9UAf/edit?usp=drivesdk&ouid=102199551013201647615&rtpof=true&sd=true
(No estan en pie360),Archivo en Drive sin alumno asociado en PIE360,Informe Psicopedagógico,27,,,,1,Liceo Mixto Los Andes Basica 1,no,no,5C_FABIAN_MONTOYA.docx,5C FABIAN MONTOYA,1-kWwFnAqs8c2uofrBg6TGI0U2CajJZ3B,https://docs.google.com/document/d/1-kWwFnAqs8c2uofrBg6TGI0U2CajJZ3B/edit?usp=drivesdk&ouid=102199551013201647615&rtpof=true&sd=true
(No estan en pie360),Archivo en Drive sin alumno asociado en PIE360,Informe Psicopedagógico,27,,,,4,Liceo Particular Mixto San Felipe Basica,no,no,7°B Alonso Mondaca TDAH.docx,7°B Alonso Mondaca TDAH,1BTKlmUb5GO83Jv9jh8U4RpCuEZF-o7tB,https://docs.google.com/document/d/1BTKlmUb5GO83Jv9jh8U4RpCuEZF-o7tB/edit?usp=drivesdk&ouid=102199551013201647615&rtpof=true&sd=true
(No estan en pie360),Archivo en Drive sin alumno asociado en PIE360,Informe Psicopedagógico,27,,,,2,Liceo Mixto Bicentenario Los Andes Basica 2,no,no,KINDER B- FIORELLA VALLEJOS - CEA.docx,KINDER B- FIORELLA VALLEJOS - CEA,12vSw1FGfkJ275cAari8k5xtI_TaEm0e4,https://docs.google.com/document/d/12vSw1FGfkJ275cAari8k5xtI_TaEm0e4/edit?usp=drivesdk&ouid=102199551013201647615&rtpof=true&sd=true
(No estan en pie360),Archivo en Drive sin alumno asociado en PIE360,Informe Psicopedagógico,27,,,,1,Liceo Mixto Los Andes Basica 1,no,no,5C_ADALYSSS.docx,5C ADALYSSS,1ul8gnCviQcHyJE6es-cgRPJxSz3lX3o8,https://docs.google.com/document/d/1ul8gnCviQcHyJE6es-cgRPJxSz3lX3o8/edit?usp=drivesdk&ouid=102199551013201647615&rtpof=true&sd=true
(No estan en pie360),Archivo en Drive sin alumno asociado en PIE360,Informe Psicopedagógico,27,,,,4,Liceo Particular Mixto San Felipe Basica,no,no,6°C Rafaela Lazo TDAH.docx,6°C Rafaela Lazo TDAH,1p_mqymlYjDYef89nnFmFiEQJXF-Rougz,https://docs.google.com/document/d/1p_mqymlYjDYef89nnFmFiEQJXF-Rougz/edit?usp=drivesdk&ouid=102199551013201647615&rtpof=true&sd=true
(No estan en pie360),Archivo en Drive sin alumno asociado en PIE360,Informe Psicopedagógico,27,,,,1,Liceo Mixto Los Andes Basica 1,no,no,2A_ANTONELLA_LAGOS.docx,2A ANTONELLA LAGOS,1fXvtQUfCPCoo5KwJFnRY8W-UQOmNEbZK,https://docs.google.com/document/d/1fXvtQUfCPCoo5KwJFnRY8W-UQOmNEbZK/edit?usp=drivesdk&ouid=102199551013201647615&rtpof=true&sd=true
(No estan en pie360),Archivo en Drive sin alumno asociado en PIE360,Informe Psicopedagógico,27,,,,4,Liceo Particular Mixto San Felipe Basica,no,no,5°B Sebastián Castillo TEA.docx,5°B Sebastián Castillo TEA,1KFP5SztFJ27tenZ-fxRwPzSQ4oNvBjQ6,https://docs.google.com/document/d/1KFP5SztFJ27tenZ-fxRwPzSQ4oNvBjQ6/edit?usp=drivesdk&ouid=102199551013201647615&rtpof=true&sd=true
(No estan en pie360),Archivo en Drive sin alumno asociado en PIE360,Informe Psicopedagógico,27,,,,1,Liceo Mixto Los Andes Basica 1,no,no,KA_LORENZO_CONTRERAS.docx,KA LORENZO CONTRERAS,13VyxNro8ceJVvMhs0aITWJjYCm2wb0vE,https://docs.google.com/document/d/13VyxNro8ceJVvMhs0aITWJjYCm2wb0vE/edit?usp=drivesdk&ouid=102199551013201647615&rtpof=true&sd=true
(No estan en pie360),Archivo en Drive sin alumno asociado en PIE360,Informe Psicopedagógico,27,,,,1,Liceo Mixto Los Andes Basica 1,no,no,KC_GASTON_SAAVEDRA.docx,KC GASTON SAAVEDRA,1Jm9OopUWRv3qSt50jh1-GQo4K-af5pX4,https://docs.google.com/document/d/1Jm9OopUWRv3qSt50jh1-GQo4K-af5pX4/edit?usp=drivesdk&ouid=102199551013201647615&rtpof=true&sd=true
(No estan en pie360),Archivo en Drive sin alumno asociado en PIE360,Informe Psicopedagógico,27,,,,1,Liceo Mixto Los Andes Basica 1,no,no,7B_JEANCARLOS_RODRIGUEZ.docx,7B JEANCARLOS RODRIGUEZ,1WBBTWeErhZWPAuUp-NNJS6-MVvHxcnhR,https://docs.google.com/document/d/1WBBTWeErhZWPAuUp-NNJS6-MVvHxcnhR/edit?usp=drivesdk&ouid=102199551013201647615&rtpof=true&sd=true
(No estan en pie360),Archivo en Drive sin alumno asociado en PIE360,Informe Psicopedagógico,27,,,,1,Liceo Mixto Los Andes Basica 1,no,no,6A_MIA_SOTO.docx,6A MIA SOTO,1Rh01B00p14C8_B-AAfjWP-e4YULAexII,https://docs.google.com/document/d/1Rh01B00p14C8_B-AAfjWP-e4YULAexII/edit?usp=drivesdk&ouid=102199551013201647615&rtpof=true&sd=true
(No estan en pie360),Archivo en Drive sin alumno asociado en PIE360,Informe Psicopedagógico,27,,,,1,Liceo Mixto Los Andes Basica 1,no,no,3B_MAITE_SALINAS.docx,3B MAITE SALINAS,1zeFS9_P3EuXm2FeV3GIi6O4pDaOTSoAe,https://docs.google.com/document/d/1zeFS9_P3EuXm2FeV3GIi6O4pDaOTSoAe/edit?usp=drivesdk&ouid=102199551013201647615&rtpof=true&sd=true
(No estan en pie360),Archivo en Drive sin alumno asociado en PIE360,Informe Psicopedagógico,27,,,,1,Liceo Mixto Los Andes Basica 1,no,no,6A_MIGUEL_YAÑEZ.docx,6A MIGUEL YAÑEZ,1HP2_0AY7YPx1nbHXebG9Ctlivuw7247D,https://docs.google.com/document/d/1HP2_0AY7YPx1nbHXebG9Ctlivuw7247D/edit?usp=drivesdk&ouid=102199551013201647615&rtpof=true&sd=true
(No estan en pie360),Archivo en Drive sin alumno asociado en PIE360,Informe Psicopedagógico,27,,,,1,Liceo Mixto Los Andes Basica 1,no,no,2B_BASTIAN_ARACENA.docx,2B BASTIAN ARACENA,1zCypp3txHLZwIkV-_1CyOx_THxxIyNHb,https://docs.google.com/document/d/1zCypp3txHLZwIkV-_1CyOx_THxxIyNHb/edit?usp=drivesdk&ouid=102199551013201647615&rtpof=true&sd=true
(No estan en pie360),Archivo en Drive sin alumno asociado en PIE360,Informe Psicopedagógico,27,,,,1,Liceo Mixto Los Andes Basica 1,no,no,6C_AGUSTINA_PERALTA.docx,6C AGUSTINA PERALTA,1JWNLbZKdrRgI0PZ88dMlrb1GW9wLFMhw,https://docs.google.com/document/d/1JWNLbZKdrRgI0PZ88dMlrb1GW9wLFMhw/edit?usp=drivesdk&ouid=102199551013201647615&rtpof=true&sd=true
(No estan en pie360),Archivo en Drive sin alumno asociado en PIE360,Informe Psicopedagógico,27,,,,1,Liceo Mixto Los Andes Basica 1,no,no,1A_THOMAS_HERRERA.docx,1A THOMAS HERRERA,11DoDCu2k5Wl40lOZQoWhn7pHpfo-9nnV,https://docs.google.com/document/d/11DoDCu2k5Wl40lOZQoWhn7pHpfo-9nnV/edit?usp=drivesdk&ouid=102199551013201647615&rtpof=true&sd=true
(No estan en pie360),Archivo en Drive sin alumno asociado en PIE360,Informe Psicopedagógico,27,,,,4,Liceo Particular Mixto San Felipe Basica,no,no,5°D Amparo Insamí TDA.docx,5°D Amparo Insamí TDA,12L25hu9EATWZ3qpShIbSM84Tqrmv98Lv,https://docs.google.com/document/d/12L25hu9EATWZ3qpShIbSM84Tqrmv98Lv/edit?usp=drivesdk&ouid=102199551013201647615&rtpof=true&sd=true
(No estan en pie360),Archivo en Drive sin alumno asociado en PIE360,Informe Psicopedagógico,27,,,,1,Liceo Mixto Los Andes Basica 1,no,no,KC_AMARELI_VENEGAS.docx,KC AMARELI VENEGAS,1Dv6RluApCxXeN-zwEhxz4Z0lptaOYAAh,https://docs.google.com/document/d/1Dv6RluApCxXeN-zwEhxz4Z0lptaOYAAh/edit?usp=drivesdk&ouid=102199551013201647615&rtpof=true&sd=true
(No estan en pie360),Archivo en Drive sin alumno asociado en PIE360,Informe Psicopedagógico,27,,,,4,Liceo Particular Mixto San Felipe Basica,no,no,K°A Maria Ester Sánchez TL.docx,K°A Maria Ester Sánchez TL,1FdHvFAseuvEUgfKJyHPby6VoNjdNpe6u,https://docs.google.com/document/d/1FdHvFAseuvEUgfKJyHPby6VoNjdNpe6u/edit?usp=drivesdk&ouid=102199551013201647615&rtpof=true&sd=true
(No estan en pie360),Archivo en Drive sin alumno asociado en PIE360,Informe Psicopedagógico,27,,,,1,Liceo Mixto Los Andes Basica 1,no,no,2B_VICENTE_GONZALEZ.docx,2B VICENTE GONZALEZ,1kQEdF4NUBr1kFVKfoh-4mTBD2-vGLEx3,https://docs.google.com/document/d/1kQEdF4NUBr1kFVKfoh-4mTBD2-vGLEx3/edit?usp=drivesdk&ouid=102199551013201647615&rtpof=true&sd=true
(No estan en pie360),Archivo en Drive sin alumno asociado en PIE360,Informe Psicopedagógico,27,,,,1,Liceo Mixto Los Andes Basica 1,no,no,4B_MARTINA_YAÑEZ.docx,4B MARTINA YAÑEZ,1mZbqyre8XxRMRvsweS95LjQ1GsJBbBNq,https://docs.google.com/document/d/1mZbqyre8XxRMRvsweS95LjQ1GsJBbBNq/edit?usp=drivesdk&ouid=102199551013201647615&rtpof=true&sd=true
(No estan en pie360),Archivo en Drive sin alumno asociado en PIE360,Informe Psicopedagógico,27,,,,4,Liceo Particular Mixto San Felipe Basica,no,no,6°A Mateo Soto TEA.docx,6°A Mateo Soto TEA,1n2jngrFUlTtpWP_pnGe6Ua3xOvMgsZrK,https://docs.google.com/document/d/1n2jngrFUlTtpWP_pnGe6Ua3xOvMgsZrK/edit?usp=drivesdk&ouid=102199551013201647615&rtpof=true&sd=true
(No estan en pie360),Archivo en Drive sin alumno asociado en PIE360,Informe Psicopedagógico,27,,,,4,Liceo Particular Mixto San Felipe Basica,no,no,7°A Fabian Labarca TEA.docx,7°A Fabian Labarca TEA,19ne4BtBYVf21NVWcAh6-3kqziaRrCY3E,https://docs.google.com/document/d/19ne4BtBYVf21NVWcAh6-3kqziaRrCY3E/edit?usp=drivesdk&ouid=102199551013201647615&rtpof=true&sd=true
(No estan en pie360),Archivo en Drive sin alumno asociado en PIE360,Informe Psicopedagógico,27,,,,4,Liceo Particular Mixto San Felipe Basica,no,no,6°A Suri Pariona TEA Excepcionalidad.docx,6°A Suri Pariona TEA Excepcionalidad,1tXdemw0dEFpBnQLbwEkU1hZT7LwNb6uL,https://docs.google.com/document/d/1tXdemw0dEFpBnQLbwEkU1hZT7LwNb6uL/edit?usp=drivesdk&ouid=102199551013201647615&rtpof=true&sd=true
(No estan en pie360),Archivo en Drive sin alumno asociado en PIE360,Informe Psicopedagógico,27,,,,4,Liceo Particular Mixto San Felipe Basica,no,no,8°B Jaír Fernández TEA.docx,8°B Jaír Fernández TEA,1U0lKuw1-Y6AxAKaZs2orECvOrvfqL21X,https://docs.google.com/document/d/1U0lKuw1-Y6AxAKaZs2orECvOrvfqL21X/edit?usp=drivesdk&ouid=102199551013201647615&rtpof=true&sd=true
(No estan en pie360),Archivo en Drive sin alumno asociado en PIE360,Informe Psicopedagógico,27,,,,4,Liceo Particular Mixto San Felipe Basica,no,no,5°D Sebastián Muñoz DEA.docx,5°D Sebastián Muñoz DEA,1CgMsT-_m54eU3hP4G5_IRUbzB8wTwvlA,https://docs.google.com/document/d/1CgMsT-_m54eU3hP4G5_IRUbzB8wTwvlA/edit?usp=drivesdk&ouid=102199551013201647615&rtpof=true&sd=true
(No estan en pie360),Archivo en Drive sin alumno asociado en PIE360,Informe Psicopedagógico,27,,,,4,Liceo Particular Mixto San Felipe Basica,no,no,1°B Isabella Romero FIL.docx,1°B Isabella Romero FIL,1NCrwIkMmIarcdLTIsDgYpEj9vFSRksMY,https://docs.google.com/document/d/1NCrwIkMmIarcdLTIsDgYpEj9vFSRksMY/edit?usp=drivesdk&ouid=102199551013201647615&rtpof=true&sd=true
(No estan en pie360),Archivo en Drive sin alumno asociado en PIE360,Informe Psicopedagógico,27,,,,4,Liceo Particular Mixto San Felipe Basica,no,no,3°B Yoisii Losantos TDA.docx,3°B Yoisii Losantos TDA,1J44z27IuK3Iu0YzmcXfDXY038LcUK29F,https://docs.google.com/document/d/1J44z27IuK3Iu0YzmcXfDXY038LcUK29F/edit?usp=drivesdk&ouid=102199551013201647615&rtpof=true&sd=true
(No estan en pie360),Archivo en Drive sin alumno asociado en PIE360,Informe Psicopedagógico,27,,,,4,Liceo Particular Mixto San Felipe Basica,no,no,8°D Alex Muñoz TDA-H.docx,8°D Alex Muñoz TDA-H,1RmbVHHSxdnJn7mMXCVJPt65Zdi4n0j1R,https://docs.google.com/document/d/1RmbVHHSxdnJn7mMXCVJPt65Zdi4n0j1R/edit?usp=drivesdk&ouid=102199551013201647615&rtpof=true&sd=true
(No estan en pie360),Archivo en Drive sin alumno asociado en PIE360,Informe Psicopedagógico,27,,,,4,Liceo Particular Mixto San Felipe Basica,no,no,7°A Ignacio Molina DEA CÁLCULO.docx,7°A Ignacio Molina DEA CÁLCULO,18B92m10pApp2GUSdUJuTYUcazSRG0ERG,https://docs.google.com/document/d/18B92m10pApp2GUSdUJuTYUcazSRG0ERG/edit?usp=drivesdk&ouid=102199551013201647615&rtpof=true&sd=true
(No estan en pie360),Archivo en Drive sin alumno asociado en PIE360,Informe Psicopedagógico,27,,,,4,Liceo Particular Mixto San Felipe Basica,no,no,7°A León Vásquez DEA CÁLCULO.docx,7°A León Vásquez DEA CÁLCULO,1rP_dsOd_fF-Su334HJPiq55ci5ejTWAO,https://docs.google.com/document/d/1rP_dsOd_fF-Su334HJPiq55ci5ejTWAO/edit?usp=drivesdk&ouid=102199551013201647615&rtpof=true&sd=true
(No estan en pie360),Archivo en Drive sin alumno asociado en PIE360,Informe Psicopedagógico,27,,,,4,Liceo Particular Mixto San Felipe Basica,no,no,1°A Dana Casimir TL.docx,1°A Dana Casimir TL,1cko3zPBPtf5_SZqWSrC4dr84S3OlQAu_,https://docs.google.com/document/d/1cko3zPBPtf5_SZqWSrC4dr84S3OlQAu_/edit?usp=drivesdk&ouid=102199551013201647615&rtpof=true&sd=true
(No estan en pie360),Archivo en Drive sin alumno asociado en PIE360,Informe Psicopedagógico,27,,,,4,Liceo Particular Mixto San Felipe Basica,no,no,2°C Agustina Reyes TL.docx,2°C Agustina Reyes TL,1tJsB0YKGkGtdyxXcIFvGJPu78HN1Jjh-,https://docs.google.com/document/d/1tJsB0YKGkGtdyxXcIFvGJPu78HN1Jjh-/edit?usp=drivesdk&ouid=102199551013201647615&rtpof=true&sd=true
(No estan en pie360),Archivo en Drive sin alumno asociado en PIE360,Informe Psicopedagógico,27,,,,4,Liceo Particular Mixto San Felipe Basica,no,no,3°B Reishell Alvbarado DEA CÁLCULO.docx,3°B Reishell Alvbarado DEA CÁLCULO,1C-xAqFkrmtybQm38zazx5gbHYvNsoZ_j,https://docs.google.com/document/d/1C-xAqFkrmtybQm38zazx5gbHYvNsoZ_j/edit?usp=drivesdk&ouid=102199551013201647615&rtpof=true&sd=true
(No estan en pie360),Archivo en Drive sin alumno asociado en PIE360,Informe Psicopedagógico,27,,,,4,Liceo Particular Mixto San Felipe Basica,no,no,3°C Fernanda Alvarado TEA.docx,3°C Fernanda Alvarado TEA,1fqJ0OZ1tVWHF5LmOR9zMWLUdilN52dli,https://docs.google.com/document/d/1fqJ0OZ1tVWHF5LmOR9zMWLUdilN52dli/edit?usp=drivesdk&ouid=102199551013201647615&rtpof=true&sd=true
(No estan en pie360),Archivo en Drive sin alumno asociado en PIE360,Informe Psicopedagógico,27,,,,4,Liceo Particular Mixto San Felipe Basica,no,no,7°D Alan Mella DIL.docx,7°D Alan Mella DIL,1tGYWMhKYK5BwIj0oazPBYfoXYo3xf5Nm,https://docs.google.com/document/d/1tGYWMhKYK5BwIj0oazPBYfoXYo3xf5Nm/edit?usp=drivesdk&ouid=102199551013201647615&rtpof=true&sd=true
(No estan en pie360),Archivo en Drive sin alumno asociado en PIE360,Informe Psicopedagógico,27,,,,4,Liceo Particular Mixto San Felipe Basica,no,no,YECHEZKEL_VENDRINE.docx,YECHEZKEL VENDRINE,10RoB7UnwmFVGceLhb5SD4L7oHm06us24,https://docs.google.com/document/d/10RoB7UnwmFVGceLhb5SD4L7oHm06us24/edit?usp=drivesdk&ouid=102199551013201647615&rtpof=true&sd=true
(No estan en pie360),Archivo en Drive sin alumno asociado en PIE360,Informe Psicopedagógico,27,,,,4,Liceo Particular Mixto San Felipe Basica,no,no,3°C Sofía González DEA LECTOESCRITURA.docx,3°C Sofía González DEA LECTOESCRITURA,1rwKoETI2-rwFiGYH0Sz0ju6E-LsxqwhA,https://docs.google.com/document/d/1rwKoETI2-rwFiGYH0Sz0ju6E-LsxqwhA/edit?usp=drivesdk&ouid=102199551013201647615&rtpof=true&sd=true
(No estan en pie360),Archivo en Drive sin alumno asociado en PIE360,Informe Psicopedagógico,27,,,,4,Liceo Particular Mixto San Felipe Basica,no,no,5°A Yanira Friz DEA LECTURA Y CÁLCULO.docx,5°A Yanira Friz DEA LECTURA Y CÁLCULO,1MV-Ml0ENpYJ7ymh5q-ovXCkBazEPkIwW,https://docs.google.com/document/d/1MV-Ml0ENpYJ7ymh5q-ovXCkBazEPkIwW/edit?usp=drivesdk&ouid=102199551013201647615&rtpof=true&sd=true
(No estan en pie360),Archivo en Drive sin alumno asociado en PIE360,Informe Psicopedagógico,27,,,,4,Liceo Particular Mixto San Felipe Basica,no,no,PK°B Mariajesus Aguilera TL.docx,PK°B Mariajesus Aguilera TL,1EyelseOlkoMwff7kbCfPzWETBPANDwJJ,https://docs.google.com/document/d/1EyelseOlkoMwff7kbCfPzWETBPANDwJJ/edit?usp=drivesdk&ouid=102199551013201647615&rtpof=true&sd=true
(No estan en pie360),Archivo en Drive sin alumno asociado en PIE360,Informe Psicopedagógico,27,,,,4,Liceo Particular Mixto San Felipe Basica,no,no,1°C Ihan Arancibia DIL exc.docx,1°C Ihan Arancibia DIL exc,1_cnmt60TW_o-n2_EBdyFvZCjQqeUx176,https://docs.google.com/document/d/1_cnmt60TW_o-n2_EBdyFvZCjQqeUx176/edit?usp=drivesdk&ouid=102199551013201647615&rtpof=true&sd=true
(No estan en pie360),Archivo en Drive sin alumno asociado en PIE360,Informe Psicopedagógico,27,,,,4,Liceo Particular Mixto San Felipe Basica,no,no,PK°A Benjamín Campos RGD.docx,PK°A Benjamín Campos RGD,1vpS6buE3jqSM9NQb_h5gh7KfWJk5HibI,https://docs.google.com/document/d/1vpS6buE3jqSM9NQb_h5gh7KfWJk5HibI/edit?usp=drivesdk&ouid=102199551013201647615&rtpof=true&sd=true
(No estan en pie360),Archivo en Drive sin alumno asociado en PIE360,Informe Psicopedagógico,27,,,,4,Liceo Particular Mixto San Felipe Basica,no,no,3°B Mateo Oyanedel DEA LECTOESCRITURA.docx,3°B Mateo Oyanedel DEA LECTOESCRITURA,1oq799PhqGcHgsoxzyKo-wrhEzLaF9Ztt,https://docs.google.com/document/d/1oq799PhqGcHgsoxzyKo-wrhEzLaF9Ztt/edit?usp=drivesdk&ouid=102199551013201647615&rtpof=true&sd=true
(No estan en pie360),Archivo en Drive sin alumno asociado en PIE360,Informe Psicopedagógico,27,,,,4,Liceo Particular Mixto San Felipe Basica,no,no,1°B Cristofer Romero DEA LECTOESCRITURA.docx,1°B Cristofer Romero DEA LECTOESCRITURA,1Zb-qGyKXgf7t96OZJKHGycAs2DmEPEgj,https://docs.google.com/document/d/1Zb-qGyKXgf7t96OZJKHGycAs2DmEPEgj/edit?usp=drivesdk&ouid=102199551013201647615&rtpof=true&sd=true
(No estan en pie360),Archivo en Drive sin alumno asociado en PIE360,Informe Psicopedagógico,27,,,,4,Liceo Particular Mixto San Felipe Basica,no,no,8°C Martín Flores TDA.docx,8°C Martín Flores TDA,1rPyzf617vGIU8KdXSCyrUC8uINExan0g,https://docs.google.com/document/d/1rPyzf617vGIU8KdXSCyrUC8uINExan0g/edit?usp=drivesdk&ouid=102199551013201647615&rtpof=true&sd=true
(No estan en pie360),Archivo en Drive sin alumno asociado en PIE360,Informe Psicopedagógico,27,,,,4,Liceo Particular Mixto San Felipe Basica,no,no,8°A Andrea Páez DIL excepcionalidad.docx,8°A Andrea Páez DIL excepcionalidad,1CTupmrj6i0WVnwWYdM0IasiggdgBWbq6,https://docs.google.com/document/d/1CTupmrj6i0WVnwWYdM0IasiggdgBWbq6/edit?usp=drivesdk&ouid=102199551013201647615&rtpof=true&sd=true
(No estan en pie360),Archivo en Drive sin alumno asociado en PIE360,Informe Psicopedagógico,27,,,,4,Liceo Particular Mixto San Felipe Basica,no,no,5°C Catalina Aravena TEA (exc).docx,5°C Catalina Aravena TEA (exc),1wAS-IQcgJkD-K9fNi58ix8l_jy0g3X_j,https://docs.google.com/document/d/1wAS-IQcgJkD-K9fNi58ix8l_jy0g3X_j/edit?usp=drivesdk&ouid=102199551013201647615&rtpof=true&sd=true
(No estan en pie360),Archivo en Drive sin alumno asociado en PIE360,Informe Psicopedagógico,27,,,,4,Liceo Particular Mixto San Felipe Basica,no,no,PK°A Rayen Herrera TL.docx,PK°A Rayen Herrera TL,1Yg4KwWuEoIv4OZZE1LwkaBFRxuLUzIoU,https://docs.google.com/document/d/1Yg4KwWuEoIv4OZZE1LwkaBFRxuLUzIoU/edit?usp=drivesdk&ouid=102199551013201647615&rtpof=true&sd=true
(No estan en pie360),Archivo en Drive sin alumno asociado en PIE360,Informe Psicopedagógico,27,,,,4,Liceo Particular Mixto San Felipe Basica,no,no,5°B Agustín Cáceres TDA-H.docx,5°B Agustín Cáceres TDA-H,11XO1lMlk7BOs6SMjUhsd8BGSyNO2K-rL,https://docs.google.com/document/d/11XO1lMlk7BOs6SMjUhsd8BGSyNO2K-rL/edit?usp=drivesdk&ouid=102199551013201647615&rtpof=true&sd=true
(No estan en pie360),Archivo en Drive sin alumno asociado en PIE360,Informe Psicopedagógico,27,,,,4,Liceo Particular Mixto San Felipe Basica,no,no,4°B Rafael díaz TEA.docx,4°B Rafael díaz TEA,1rfuqkqt5OzYPUJPAiRve2QPbRA57er5o,https://docs.google.com/document/d/1rfuqkqt5OzYPUJPAiRve2QPbRA57er5o/edit?usp=drivesdk&ouid=102199551013201647615&rtpof=true&sd=true
"Tiene Informe a la Familia, falta Informe Psicopedagógico",Alumno en PIE360 con doc 7 y sin doc 27 (2026/legacy),Informe Psicopedagógico,27,893,SOULING NAIA HENRÍQUEZ ACEVEDO,23.266.401-0,5,Liceo Particular Mixto San Felipe Media - RBD 14879,si,no,,,,
"Tiene Informe a la Familia, falta Informe Psicopedagógico",Alumno en PIE360 con doc 7 y sin doc 27 (2026/legacy),Informe Psicopedagógico,27,1189,JOSEFA ESTELA CORTES FERNANDEZ,23.675.972-5,5,Liceo Particular Mixto San Felipe Media - RBD 14879,si,no,,,,
"Tiene Informe a la Familia, falta Informe Psicopedagógico",Alumno en PIE360 con doc 7 y sin doc 27 (2026/legacy),Informe Psicopedagógico,27,1531,ROSARIO ANTONELLA GUAJARDO PÉREZ,22.944.876-5,5,Liceo Particular Mixto San Felipe Media - RBD 14879,si,no,,,,
"Tiene Informe a la Familia, falta Informe Psicopedagógico",Alumno en PIE360 con doc 7 y sin doc 27 (2026/legacy),Informe Psicopedagógico,27,1825,LUIS DAVID CONTADOR ACEVEDO,27.095.762-5,4,Liceo Particular Mixto San Felipe Básica - RBD 14879,si,no,,,,
"Tiene Informe a la Familia, falta Informe Psicopedagógico",Alumno en PIE360 con doc 7 y sin doc 27 (2026/legacy),Informe Psicopedagógico,27,1826,MATEO TOMAS OYANEDEL ACEVEDO,25.205.868-0,4,Liceo Particular Mixto San Felipe Básica - RBD 14879,si,no,,,,
"Tiene Informe a la Familia, falta Informe Psicopedagógico",Alumno en PIE360 con doc 7 y sin doc 27 (2026/legacy),Informe Psicopedagógico,27,1845,ALEXIS IGNACIO SOLÍS AGURTO,24.099.638-3,4,Liceo Particular Mixto San Felipe Básica - RBD 14879,si,no,,,,
"Tiene Informe a la Familia, falta Informe Psicopedagógico",Alumno en PIE360 con doc 7 y sin doc 27 (2026/legacy),Informe Psicopedagógico,27,1846,ETHAN FRANCISCO MONTENEGRO AHUMADA,27.624.013-7,4,Liceo Particular Mixto San Felipe Básica - RBD 14879,si,no,,,,
"Tiene Informe a la Familia, falta Informe Psicopedagógico",Alumno en PIE360 con doc 7 y sin doc 27 (2026/legacy),Informe Psicopedagógico,27,1851,DAFNIKA SAINT FORT ALBERT,26.383.274-4,4,Liceo Particular Mixto San Felipe Básica - RBD 14879,si,no,,,,
"Tiene Informe a la Familia, falta Informe Psicopedagógico",Alumno en PIE360 con doc 7 y sin doc 27 (2026/legacy),Informe Psicopedagógico,27,1867,BENJAMÍN STEVEN CAMPOS ALTAMIRANO,27.641.694-4,4,Liceo Particular Mixto San Felipe Básica - RBD 14879,si,no,,,,
"Tiene Informe a la Familia, falta Informe Psicopedagógico",Alumno en PIE360 con doc 7 y sin doc 27 (2026/legacy),Informe Psicopedagógico,27,1884,IGNACIA NOEMÍ VERGARA ARANCIBIA,24.277.979-7,4,Liceo Particular Mixto San Felipe Básica - RBD 14879,si,no,,,,
"Tiene Informe a la Familia, falta Informe Psicopedagógico",Alumno en PIE360 con doc 7 y sin doc 27 (2026/legacy),Informe Psicopedagógico,27,1885,JAÍR ELIEZER FERNÁNDEZ ARANCIBIA,24.037.084-0,4,Liceo Particular Mixto San Felipe Básica - RBD 14879,si,no,,,,
"Tiene Informe a la Familia, falta Informe Psicopedagógico",Alumno en PIE360 con doc 7 y sin doc 27 (2026/legacy),Informe Psicopedagógico,27,1960,MARIA JESUS IGNACIA AGUILERA CABRERA,27.745.362-2,4,Liceo Particular Mixto San Felipe Básica - RBD 14879,si,no,,,,
"Tiene Informe a la Familia, falta Informe Psicopedagógico",Alumno en PIE360 con doc 7 y sin doc 27 (2026/legacy),Informe Psicopedagógico,27,1986,MÁRTIN IGNACIO FLORES CÁRDENAS,23.908.617-9,4,Liceo Particular Mixto San Felipe Básica - RBD 14879,si,no,,,,
"Tiene Informe a la Familia, falta Informe Psicopedagógico",Alumno en PIE360 con doc 7 y sin doc 27 (2026/legacy),Informe Psicopedagógico,27,2030,IHAN ANDRES ARANCIBIA CHAZAL,26.552.284-K,4,Liceo Particular Mixto San Felipe Básica - RBD 14879,si,no,,,,
"Tiene Informe a la Familia, falta Informe Psicopedagógico",Alumno en PIE360 con doc 7 y sin doc 27 (2026/legacy),Informe Psicopedagógico,27,2078,CATALINA ALEJANDRA ARAVENA CORTEZ,24.358.410-8,4,Liceo Particular Mixto San Felipe Básica - RBD 14879,si,no,,,,
"Tiene Informe a la Familia, falta Informe Psicopedagógico",Alumno en PIE360 con doc 7 y sin doc 27 (2026/legacy),Informe Psicopedagógico,27,2116,MARCO IGNACIO DÍAZ ESPINOZA,27.169.213-7,4,Liceo Particular Mixto San Felipe Básica - RBD 14879,si,no,,,,
"Tiene Informe a la Familia, falta Informe Psicopedagógico",Alumno en PIE360 con doc 7 y sin doc 27 (2026/legacy),Informe Psicopedagógico,27,2118,RAYÉN LUCERO HERRERA ESPINOZA,27.746.299-0,4,Liceo Particular Mixto San Felipe Básica - RBD 14879,si,no,,,,
"Tiene Informe a la Familia, falta Informe Psicopedagógico",Alumno en PIE360 con doc 7 y sin doc 27 (2026/legacy),Informe Psicopedagógico,27,2120,ZYAN MATHEO ELGUETA ESPINOZA,26.996.884-2,4,Liceo Particular Mixto San Felipe Básica - RBD 14879,si,no,,,,
"Tiene Informe a la Familia, falta Informe Psicopedagógico",Alumno en PIE360 con doc 7 y sin doc 27 (2026/legacy),Informe Psicopedagógico,27,2125,SIMÓN PEDRO MANCILLA FARIAS,25.426.710-4,4,Liceo Particular Mixto San Felipe Básica - RBD 14879,si,no,,,,
"Tiene Informe a la Familia, falta Informe Psicopedagógico",Alumno en PIE360 con doc 7 y sin doc 27 (2026/legacy),Informe Psicopedagógico,27,2128,ALAN MELLA FERNANDEZ,24.142.864-8,4,Liceo Particular Mixto San Felipe Básica - RBD 14879,si,no,,,,
"Tiene Informe a la Familia, falta Informe Psicopedagógico",Alumno en PIE360 con doc 7 y sin doc 27 (2026/legacy),Informe Psicopedagógico,27,2130,CRISTIAN AARÓN FIGUEROA FERNANDEZ,25.421.281-4,4,Liceo Particular Mixto San Felipe Básica - RBD 14879,si,no,,,,
"Tiene Informe a la Familia, falta Informe Psicopedagógico",Alumno en PIE360 con doc 7 y sin doc 27 (2026/legacy),Informe Psicopedagógico,27,2132,PABLO ANTONIO MORAGA FERNANDEZ,25.530.294-9,4,Liceo Particular Mixto San Felipe Básica - RBD 14879,si,no,,,,
"Tiene Informe a la Familia, falta Informe Psicopedagógico",Alumno en PIE360 con doc 7 y sin doc 27 (2026/legacy),Informe Psicopedagógico,27,2138,AMPARO LUCÍA INSAMI FIGUEROA,24.925.551-3,4,Liceo Particular Mixto San Felipe Básica - RBD 14879,si,no,,,,
"Tiene Informe a la Familia, falta Informe Psicopedagógico",Alumno en PIE360 con doc 7 y sin doc 27 (2026/legacy),Informe Psicopedagógico,27,2184,ANDREA ALEJANDRA PAEZ GIL,23.692.969-8,4,Liceo Particular Mixto San Felipe Básica - RBD 14879,si,no,,,,
"Tiene Informe a la Familia, falta Informe Psicopedagógico",Alumno en PIE360 con doc 7 y sin doc 27 (2026/legacy),Informe Psicopedagógico,27,2189,ALONSO ZACARIAS MONDACA GOMEZ,24.246.921-6,4,Liceo Particular Mixto San Felipe Básica - RBD 14879,si,no,,,,
"Tiene Informe a la Familia, falta Informe Psicopedagógico",Alumno en PIE360 con doc 7 y sin doc 27 (2026/legacy),Informe Psicopedagógico,27,2200,IGNACIO AGUSTIN MOLINA GONZALEZ,24.367.795-5,4,Liceo Particular Mixto San Felipe Básica - RBD 14879,si,no,,,,
"Tiene Informe a la Familia, falta Informe Psicopedagógico",Alumno en PIE360 con doc 7 y sin doc 27 (2026/legacy),Informe Psicopedagógico,27,2215,IGNACIA ANAHÍ OLIVARES GUERRA,24.215.926-8,4,Liceo Particular Mixto San Felipe Básica - RBD 14879,si,no,,,,
"Tiene Informe a la Familia, falta Informe Psicopedagógico",Alumno en PIE360 con doc 7 y sin doc 27 (2026/legacy),Informe Psicopedagógico,27,2220,YANIRA  JANCELL FRIZ GUERRERO,24.682.364-2,4,Liceo Particular Mixto San Felipe Básica - RBD 14879,si,no,,,,
"Tiene Informe a la Familia, falta Informe Psicopedagógico",Alumno en PIE360 con doc 7 y sin doc 27 (2026/legacy),Informe Psicopedagógico,27,2232,SURI SULAIS PARIONA GUTIERREZ,24.635.689-0,4,Liceo Particular Mixto San Felipe Básica - RBD 14879,si,no,,,,
"Tiene Informe a la Familia, falta Informe Psicopedagógico",Alumno en PIE360 con doc 7 y sin doc 27 (2026/legacy),Informe Psicopedagógico,27,2257,SEBASTIAN IGNACIO CASTILLO HERRERA,25.273.602-6,4,Liceo Particular Mixto San Felipe Básica - RBD 14879,si,no,,,,
"Tiene Informe a la Familia, falta Informe Psicopedagógico",Alumno en PIE360 con doc 7 y sin doc 27 (2026/legacy),Informe Psicopedagógico,27,2266,AGUSTINA BELÉN REYES IBACETA,26.520.992-0,4,Liceo Particular Mixto San Felipe Básica - RBD 14879,si,no,,,,
"Tiene Informe a la Familia, falta Informe Psicopedagógico",Alumno en PIE360 con doc 7 y sin doc 27 (2026/legacy),Informe Psicopedagógico,27,2406,REISHELL VICTORIA ALVARADO MORENO,28.685.951-8,4,Liceo Particular Mixto San Felipe Básica - RBD 14879,si,no,,,,
"Tiene Informe a la Familia, falta Informe Psicopedagógico",Alumno en PIE360 con doc 7 y sin doc 27 (2026/legacy),Informe Psicopedagógico,27,2425,YECHEZKEL  ZURISHADDAI VEDRINE NERETTE,27.557.576-3,4,Liceo Particular Mixto San Felipe Básica - RBD 14879,si,no,,,,
"Tiene Informe a la Familia, falta Informe Psicopedagógico",Alumno en PIE360 con doc 7 y sin doc 27 (2026/legacy),Informe Psicopedagógico,27,2440,GAEL MATEO VIDELA OJEDA,27.125.961-1,4,Liceo Particular Mixto San Felipe Básica - RBD 14879,si,no,,,,
"Tiene Informe a la Familia, falta Informe Psicopedagógico",Alumno en PIE360 con doc 7 y sin doc 27 (2026/legacy),Informe Psicopedagógico,27,2442,ARANTXA DANIELA PÁEZ OLGUIN,23.993.883-3,4,Liceo Particular Mixto San Felipe Básica - RBD 14879,si,no,,,,
"Tiene Informe a la Familia, falta Informe Psicopedagógico",Alumno en PIE360 con doc 7 y sin doc 27 (2026/legacy),Informe Psicopedagógico,27,2443,ADIEL NICOLAS GONZALEZ OLIVARES,25.284.463-5,4,Liceo Particular Mixto San Felipe Básica - RBD 14879,si,no,,,,
"Tiene Informe a la Familia, falta Informe Psicopedagógico",Alumno en PIE360 con doc 7 y sin doc 27 (2026/legacy),Informe Psicopedagógico,27,2456,LEON AGUSTIN VASQUEZ ORDOÑEZ,24.277.605-4,4,Liceo Particular Mixto San Felipe Básica - RBD 14879,si,no,,,,
"Tiene Informe a la Familia, falta Informe Psicopedagógico",Alumno en PIE360 con doc 7 y sin doc 27 (2026/legacy),Informe Psicopedagógico,27,2476,CRISTOFER MAURICIO ROMERO PAEZ,26.249.089-0,4,Liceo Particular Mixto San Felipe Básica - RBD 14879,si,no,,,,
"Tiene Informe a la Familia, falta Informe Psicopedagógico",Alumno en PIE360 con doc 7 y sin doc 27 (2026/legacy),Informe Psicopedagógico,27,2478,ISABELLA AINARA ROMERO PAEZ,26.249.132-3,4,Liceo Particular Mixto San Felipe Básica - RBD 14879,si,no,,,,
"Tiene Informe a la Familia, falta Informe Psicopedagógico",Alumno en PIE360 con doc 7 y sin doc 27 (2026/legacy),Informe Psicopedagógico,27,2551,AGUSTÍN FEDERICO LAZEN REYES,24.389.766-1,4,Liceo Particular Mixto San Felipe Básica - RBD 14879,si,no,,,,
"Tiene Informe a la Familia, falta Informe Psicopedagógico",Alumno en PIE360 con doc 7 y sin doc 27 (2026/legacy),Informe Psicopedagógico,27,2591,ALEX YOISUKE LOSANTOS ROJAS,27.706.107-4,4,Liceo Particular Mixto San Felipe Básica - RBD 14879,si,no,,,,
"Tiene Informe a la Familia, falta Informe Psicopedagógico",Alumno en PIE360 con doc 7 y sin doc 27 (2026/legacy),Informe Psicopedagógico,27,2603,YOISSI ALEJANDRA LOSANTOS ROJAS,26.183.524-K,4,Liceo Particular Mixto San Felipe Básica - RBD 14879,si,no,,,,
"Tiene Informe a la Familia, falta Informe Psicopedagógico",Alumno en PIE360 con doc 7 y sin doc 27 (2026/legacy),Informe Psicopedagógico,27,2621,AGUSTINA ESTER TRINIDAD CARVACHO SAAVEDRA,26.856.864-6,4,Liceo Particular Mixto San Felipe Básica - RBD 14879,si,no,,,,
"Tiene Informe a la Familia, falta Informe Psicopedagógico",Alumno en PIE360 con doc 7 y sin doc 27 (2026/legacy),Informe Psicopedagógico,27,2650,DAZLYN ALMENDRA SANDOVAL SANHUEZA,25.114.297-1,4,Liceo Particular Mixto San Felipe Básica - RBD 14879,si,no,,,,
"Tiene Informe a la Familia, falta Informe Psicopedagógico",Alumno en PIE360 con doc 7 y sin doc 27 (2026/legacy),Informe Psicopedagógico,27,2731,MARIA JOSE RIOS VARGAS,24.490.858-6,4,Liceo Particular Mixto San Felipe Básica - RBD 14879,si,no,,,,
"Tiene Informe a la Familia, falta Informe Psicopedagógico",Alumno en PIE360 con doc 7 y sin doc 27 (2026/legacy),Informe Psicopedagógico,27,2787,MATEO EZEQUIEL CORRALES YUBANO,27.360.959-8,4,Liceo Particular Mixto San Felipe Básica - RBD 14879,si,no,,,,
"Tiene Informe a la Familia, falta Informe Psicopedagógico",Alumno en PIE360 con doc 7 y sin doc 27 (2026/legacy),Informe Psicopedagógico,27,2796,RAFAELA  ANTONIA LAZO ZAMORA,24.834.123-8,4,Liceo Particular Mixto San Felipe Básica - RBD 14879,si,no,,,,
"Tiene Informe a la Familia, falta Informe Psicopedagógico",Alumno en PIE360 con doc 7 y sin doc 27 (2026/legacy),Informe Psicopedagógico,27,2809,MARIA ESTER SANCHEZ ZURITA,27.430.903-2,4,Liceo Particular Mixto San Felipe Básica - RBD 14879,si,no,,,,
"Tiene Informe a la Familia, falta Informe Psicopedagógico",Alumno en PIE360 con doc 7 y sin doc 27 (2026/legacy),Informe Psicopedagógico,27,2819,NAYIARET THAIS VEGA ABARZUA,22.916.963-7,3,Liceo Mixto Bicentenario de Excelencia los Andes Media - RBD 1213,si,no,,,,
"Tiene Informe a la Familia, falta Informe Psicopedagógico",Alumno en PIE360 con doc 7 y sin doc 27 (2026/legacy),Informe Psicopedagógico,27,2847,MARTINA IGNACIA FIGUEROA ALBARRAN,23.316.827-0,3,Liceo Mixto Bicentenario de Excelencia los Andes Media - RBD 1213,si,no,,,,
"Tiene Informe a la Familia, falta Informe Psicopedagógico",Alumno en PIE360 con doc 7 y sin doc 27 (2026/legacy),Informe Psicopedagógico,27,2854,ESTEBAN ALFONSO VERGARA ALFARO,23.712.440-5,3,Liceo Mixto Bicentenario de Excelencia los Andes Media - RBD 1213,si,no,,,,
"Tiene Informe a la Familia, falta Informe Psicopedagógico",Alumno en PIE360 con doc 7 y sin doc 27 (2026/legacy),Informe Psicopedagógico,27,2855,GABRIELA ESPERANZA VERGARA ALFARO,23.265.047-8,3,Liceo Mixto Bicentenario de Excelencia los Andes Media - RBD 1213,si,no,,,,
"Tiene Informe a la Familia, falta Informe Psicopedagógico",Alumno en PIE360 con doc 7 y sin doc 27 (2026/legacy),Informe Psicopedagógico,27,2881,MARTIN ALEJANDRO CAMPOS APABLAZA,24.270.438-K,3,Liceo Mixto Bicentenario de Excelencia los Andes Media - RBD 1213,si,no,,,,
"Tiene Informe a la Familia, falta Informe Psicopedagógico",Alumno en PIE360 con doc 7 y sin doc 27 (2026/legacy),Informe Psicopedagógico,27,2883,SEBASTIAN ALEJANDRO RIVAS APONTE,27.900.983-5,3,Liceo Mixto Bicentenario de Excelencia los Andes Media - RBD 1213,si,no,,,,
"Tiene Informe a la Familia, falta Informe Psicopedagógico",Alumno en PIE360 con doc 7 y sin doc 27 (2026/legacy),Informe Psicopedagógico,27,2891,GABRIEL ALEJANDRO COLLAO ARANCIBIA,22.822.056-6,3,Liceo Mixto Bicentenario de Excelencia los Andes Media - RBD 1213,si,no,,,,
"Tiene Informe a la Familia, falta Informe Psicopedagógico",Alumno en PIE360 con doc 7 y sin doc 27 (2026/legacy),Informe Psicopedagógico,27,2892,KENJI KOUSAGI OSSES ARANCIBIA,23.049.193-3,3,Liceo Mixto Bicentenario de Excelencia los Andes Media - RBD 1213,si,no,,,,
"Tiene Informe a la Familia, falta Informe Psicopedagógico",Alumno en PIE360 con doc 7 y sin doc 27 (2026/legacy),Informe Psicopedagógico,27,2900,BENJAMIN DAVID TRIVIÑO ARAYA,23.818.794-K,3,Liceo Mixto Bicentenario de Excelencia los Andes Media - RBD 1213,si,no,,,,
"Tiene Informe a la Familia, falta Informe Psicopedagógico",Alumno en PIE360 con doc 7 y sin doc 27 (2026/legacy),Informe Psicopedagógico,27,2914,LUCIANO EMILIO TORRES ARENAS,23.285.059-0,3,Liceo Mixto Bicentenario de Excelencia los Andes Media - RBD 1213,si,no,,,,
"Tiene Informe a la Familia, falta Informe Psicopedagógico",Alumno en PIE360 con doc 7 y sin doc 27 (2026/legacy),Informe Psicopedagógico,27,2922,MATIAS EDU MENA ARMIJO,23.464.565-K,3,Liceo Mixto Bicentenario de Excelencia los Andes Media - RBD 1213,si,no,,,,
"Tiene Informe a la Familia, falta Informe Psicopedagógico",Alumno en PIE360 con doc 7 y sin doc 27 (2026/legacy),Informe Psicopedagógico,27,2938,VICENTE ALEJANDRO CERDA ASTORGA,23.805.271-8,3,Liceo Mixto Bicentenario de Excelencia los Andes Media - RBD 1213,si,no,,,,
"Tiene Informe a la Familia, falta Informe Psicopedagógico",Alumno en PIE360 con doc 7 y sin doc 27 (2026/legacy),Informe Psicopedagógico,27,2967,YOREINNY CHIQUINQUIRA MELEAN BECERRA,100.591.353-1,3,Liceo Mixto Bicentenario de Excelencia los Andes Media - RBD 1213,si,no,,,,
"Tiene Informe a la Familia, falta Informe Psicopedagógico",Alumno en PIE360 con doc 7 y sin doc 27 (2026/legacy),Informe Psicopedagógico,27,3014,ANDRU CÉSAR ALEGRÍA CABALLERO,23.432.476-4,3,Liceo Mixto Bicentenario de Excelencia los Andes Media - RBD 1213,si,no,,,,
"Tiene Informe a la Familia, falta Informe Psicopedagógico",Alumno en PIE360 con doc 7 y sin doc 27 (2026/legacy),Informe Psicopedagógico,27,3036,GABRIELA ANTONIA POBLETE CALDERON,23.753.382-8,3,Liceo Mixto Bicentenario de Excelencia los Andes Media - RBD 1213,si,no,,,,
"Tiene Informe a la Familia, falta Informe Psicopedagógico",Alumno en PIE360 con doc 7 y sin doc 27 (2026/legacy),Informe Psicopedagógico,27,3049,MICHELLE ALEJANDRA AURORA SARAVIA CAMPOS,23.957.905-1,3,Liceo Mixto Bicentenario de Excelencia los Andes Media - RBD 1213,si,no,,,,
"Tiene Informe a la Familia, falta Informe Psicopedagógico",Alumno en PIE360 con doc 7 y sin doc 27 (2026/legacy),Informe Psicopedagógico,27,3050,PAZ ANTONELLA MORENO CAMPOS,23.014.026-K,3,Liceo Mixto Bicentenario de Excelencia los Andes Media - RBD 1213,si,no,,,,
"Tiene Informe a la Familia, falta Informe Psicopedagógico",Alumno en PIE360 con doc 7 y sin doc 27 (2026/legacy),Informe Psicopedagógico,27,3054,JULIETTA ANTONIA CORTEZ CANALES,23.483.465-7,3,Liceo Mixto Bicentenario de Excelencia los Andes Media - RBD 1213,si,no,,,,
"Tiene Informe a la Familia, falta Informe Psicopedagógico",Alumno en PIE360 con doc 7 y sin doc 27 (2026/legacy),Informe Psicopedagógico,27,3064,DAMIAN ANTONIO VALDEBENITO CARRASCO,23.288.063-5,3,Liceo Mixto Bicentenario de Excelencia los Andes Media - RBD 1213,si,no,,,,
"Tiene Informe a la Familia, falta Informe Psicopedagógico",Alumno en PIE360 con doc 7 y sin doc 27 (2026/legacy),Informe Psicopedagógico,27,3075,JOSE CARLOS ALBERTO ARANCIBIA CARVAJAL,22.914.423-5,3,Liceo Mixto Bicentenario de Excelencia los Andes Media - RBD 1213,si,no,,,,
"Tiene Informe a la Familia, falta Informe Psicopedagógico",Alumno en PIE360 con doc 7 y sin doc 27 (2026/legacy),Informe Psicopedagógico,27,3078,CONSTANZA BELEN ALIAGA CARVALLO,22.570.638-7,3,Liceo Mixto Bicentenario de Excelencia los Andes Media - RBD 1213,si,no,,,,
"Tiene Informe a la Familia, falta Informe Psicopedagógico",Alumno en PIE360 con doc 7 y sin doc 27 (2026/legacy),Informe Psicopedagógico,27,3090,ANTONIA FERNANDA ALEGRIA CASTRO,23.666.677-8,3,Liceo Mixto Bicentenario de Excelencia los Andes Media - RBD 1213,si,no,,,,
"Tiene Informe a la Familia, falta Informe Psicopedagógico",Alumno en PIE360 con doc 7 y sin doc 27 (2026/legacy),Informe Psicopedagógico,27,3098,JACKSON GABRIEL COLMENARES CASTRO,27.898.657-8,3,Liceo Mixto Bicentenario de Excelencia los Andes Media - RBD 1213,si,no,,,,
"Tiene Informe a la Familia, falta Informe Psicopedagógico",Alumno en PIE360 con doc 7 y sin doc 27 (2026/legacy),Informe Psicopedagógico,27,3099,KEVIN GASTON RAMIREZ CASTRO,23.853.672-3,3,Liceo Mixto Bicentenario de Excelencia los Andes Media - RBD 1213,si,no,,,,
"Tiene Informe a la Familia, falta Informe Psicopedagógico",Alumno en PIE360 con doc 7 y sin doc 27 (2026/legacy),Informe Psicopedagógico,27,3110,IAN FRANKCO SEGOVIA CERDA,23.420.490-4,3,Liceo Mixto Bicentenario de Excelencia los Andes Media - RBD 1213,si,no,,,,
"Tiene Informe a la Familia, falta Informe Psicopedagógico",Alumno en PIE360 con doc 7 y sin doc 27 (2026/legacy),Informe Psicopedagógico,27,3115,NEHEMIAS DAVID MUÑOZ CHACÓN,23.527.717-4,3,Liceo Mixto Bicentenario de Excelencia los Andes Media - RBD 1213,si,no,,,,
"Tiene Informe a la Familia, falta Informe Psicopedagógico",Alumno en PIE360 con doc 7 y sin doc 27 (2026/legacy),Informe Psicopedagógico,27,3133,GABRIELA ALEJANDRA SALINAS CONTRERAS,22.444.093-6,3,Liceo Mixto Bicentenario de Excelencia los Andes Media - RBD 1213,si,no,,,,
"Tiene Informe a la Familia, falta Informe Psicopedagógico",Alumno en PIE360 con doc 7 y sin doc 27 (2026/legacy),Informe Psicopedagógico,27,3145,ANTONELLA BELEN MARQUEZ CORNEJO,23.418.552-7,3,Liceo Mixto Bicentenario de Excelencia los Andes Media - RBD 1213,si,no,,,,
"Tiene Informe a la Familia, falta Informe Psicopedagógico",Alumno en PIE360 con doc 7 y sin doc 27 (2026/legacy),Informe Psicopedagógico,27,3174,AUSTIN MATHEO MARTINEZ AHUMADA,25.753.852-4,2,Liceo Mixto Bicentenario de Excelencia Los Andes Básica 2 - RBD 1213,si,no,,,,
"Tiene Informe a la Familia, falta Informe Psicopedagógico",Alumno en PIE360 con doc 7 y sin doc 27 (2026/legacy),Informe Psicopedagógico,27,3186,AGUSTIN ALEJANDRO POZO CRISOSTOMO,23.020.092-0,3,Liceo Mixto Bicentenario de Excelencia los Andes Media - RBD 1213,si,no,,,,
"Tiene Informe a la Familia, falta Informe Psicopedagógico",Alumno en PIE360 con doc 7 y sin doc 27 (2026/legacy),Informe Psicopedagógico,27,3189,JOSE THOMAS ALBERTO FIGUEROA ALARCON,24.629.459-3,2,Liceo Mixto Bicentenario de Excelencia Los Andes Básica 2 - RBD 1213,si,no,,,,
"Tiene Informe a la Familia, falta Informe Psicopedagógico",Alumno en PIE360 con doc 7 y sin doc 27 (2026/legacy),Informe Psicopedagógico,27,3192,CONSTANZA AURORA PEREZ CRUZ,23.279.741-K,3,Liceo Mixto Bicentenario de Excelencia los Andes Media - RBD 1213,si,no,,,,
"Tiene Informe a la Familia, falta Informe Psicopedagógico",Alumno en PIE360 con doc 7 y sin doc 27 (2026/legacy),Informe Psicopedagógico,27,3204,MARIAJOSE IGNACIA ARAYA D'ALENCON,23.612.849-0,3,Liceo Mixto Bicentenario de Excelencia los Andes Media - RBD 1213,si,no,,,,
"Tiene Informe a la Familia, falta Informe Psicopedagógico",Alumno en PIE360 con doc 7 y sin doc 27 (2026/legacy),Informe Psicopedagógico,27,3206,LUCIANO MARTIN REA DANIELS,23.759.037-6,3,Liceo Mixto Bicentenario de Excelencia los Andes Media - RBD 1213,si,no,,,,
"Tiene Informe a la Familia, falta Informe Psicopedagógico",Alumno en PIE360 con doc 7 y sin doc 27 (2026/legacy),Informe Psicopedagógico,27,3207,THOMAS ALEJANDRO PIZARRO AMESTICA,27.701.908-6,2,Liceo Mixto Bicentenario de Excelencia Los Andes Básica 2 - RBD 1213,si,no,,,,
"Tiene Informe a la Familia, falta Informe Psicopedagógico",Alumno en PIE360 con doc 7 y sin doc 27 (2026/legacy),Informe Psicopedagógico,27,3240,VICENTE JESUS SEREY DONOSO,23.830.585-3,3,Liceo Mixto Bicentenario de Excelencia los Andes Media - RBD 1213,si,no,,,,
"Tiene Informe a la Familia, falta Informe Psicopedagógico",Alumno en PIE360 con doc 7 y sin doc 27 (2026/legacy),Informe Psicopedagógico,27,3269,ANDER JAMIL GARRIDO ESPINOLA,23.126.019-6,3,Liceo Mixto Bicentenario de Excelencia los Andes Media - RBD 1213,si,no,,,,
"Tiene Informe a la Familia, falta Informe Psicopedagógico",Alumno en PIE360 con doc 7 y sin doc 27 (2026/legacy),Informe Psicopedagógico,27,3284,AMANDA CECILIA TAPIA AVIO,27.738.816-2,2,Liceo Mixto Bicentenario de Excelencia Los Andes Básica 2 - RBD 1213,si,no,,,,
"Tiene Informe a la Familia, falta Informe Psicopedagógico",Alumno en PIE360 con doc 7 y sin doc 27 (2026/legacy),Informe Psicopedagógico,27,3293,BENJAMIN ERNESTO VICENCIO ESTRELLA,23.910.460-6,3,Liceo Mixto Bicentenario de Excelencia los Andes Media - RBD 1213,si,no,,,,
"Tiene Informe a la Familia, falta Informe Psicopedagógico",Alumno en PIE360 con doc 7 y sin doc 27 (2026/legacy),Informe Psicopedagógico,27,3298,NATALIA IGNACIA MUÑOZ AYALA,26.057.400-0,2,Liceo Mixto Bicentenario de Excelencia Los Andes Básica 2 - RBD 1213,si,no,,,,
"Tiene Informe a la Familia, falta Informe Psicopedagógico",Alumno en PIE360 con doc 7 y sin doc 27 (2026/legacy),Informe Psicopedagógico,27,3310,JEAN PAUL FALCONES BAJAÑA,25.725.163-2,2,Liceo Mixto Bicentenario de Excelencia Los Andes Básica 2 - RBD 1213,si,no,,,,
"Tiene Informe a la Familia, falta Informe Psicopedagógico",Alumno en PIE360 con doc 7 y sin doc 27 (2026/legacy),Informe Psicopedagógico,27,3314,GIOVANNI ANTONIO NAVEA BALDO,25.751.896-5,2,Liceo Mixto Bicentenario de Excelencia Los Andes Básica 2 - RBD 1213,si,no,,,,
"Tiene Informe a la Familia, falta Informe Psicopedagógico",Alumno en PIE360 con doc 7 y sin doc 27 (2026/legacy),Informe Psicopedagógico,27,3347,JOAQUIN ALONSO HERNANDEZ BETANCURT,24.570.635-9,2,Liceo Mixto Bicentenario de Excelencia Los Andes Básica 2 - RBD 1213,si,no,,,,
"Tiene Informe a la Familia, falta Informe Psicopedagógico",Alumno en PIE360 con doc 7 y sin doc 27 (2026/legacy),Informe Psicopedagógico,27,3349,SOFIA AURORA HERNANDEZ BETANCURT,27.757.300-8,2,Liceo Mixto Bicentenario de Excelencia Los Andes Básica 2 - RBD 1213,si,no,,,,
"Tiene Informe a la Familia, falta Informe Psicopedagógico",Alumno en PIE360 con doc 7 y sin doc 27 (2026/legacy),Informe Psicopedagógico,27,3358,NEYMAR ALEXANDER VILLALON FLORES,23.642.012-4,3,Liceo Mixto Bicentenario de Excelencia los Andes Media - RBD 1213,si,no,,,,
"Tiene Informe a la Familia, falta Informe Psicopedagógico",Alumno en PIE360 con doc 7 y sin doc 27 (2026/legacy),Informe Psicopedagógico,27,3373,AARON MOISES FUXS FUXS,23.814.614-3,3,Liceo Mixto Bicentenario de Excelencia los Andes Media - RBD 1213,si,no,,,,
"Tiene Informe a la Familia, falta Informe Psicopedagógico",Alumno en PIE360 con doc 7 y sin doc 27 (2026/legacy),Informe Psicopedagógico,27,3400,AMBAR LUCIA RESTREPO CANO,27.322.029-1,2,Liceo Mixto Bicentenario de Excelencia Los Andes Básica 2 - RBD 1213,si,no,,,,
"Tiene Informe a la Familia, falta Informe Psicopedagógico",Alumno en PIE360 con doc 7 y sin doc 27 (2026/legacy),Informe Psicopedagógico,27,3410,SEBASTIAN CESAR CORO CARRERA,27.695.849-6,2,Liceo Mixto Bicentenario de Excelencia Los Andes Básica 2 - RBD 1213,si,no,,,,
"Tiene Informe a la Familia, falta Informe Psicopedagógico",Alumno en PIE360 con doc 7 y sin doc 27 (2026/legacy),Informe Psicopedagógico,27,3418,BELEN IGNACIA GONZALEZ CARVACHO,26.084.076-2,2,Liceo Mixto Bicentenario de Excelencia Los Andes Básica 2 - RBD 1213,si,no,,,,
"Tiene Informe a la Familia, falta Informe Psicopedagógico",Alumno en PIE360 con doc 7 y sin doc 27 (2026/legacy),Informe Psicopedagógico,27,3430,PEDRO HERNAN PALOMINOS CARVALLO,26.635.057-0,2,Liceo Mixto Bicentenario de Excelencia Los Andes Básica 2 - RBD 1213,si,no,,,,
"Tiene Informe a la Familia, falta Informe Psicopedagógico",Alumno en PIE360 con doc 7 y sin doc 27 (2026/legacy),Informe Psicopedagógico,27,3446,JAVIERA ANTONIA DIAZ CASTILLO,23.777.903-7,2,Liceo Mixto Bicentenario de Excelencia Los Andes Básica 2 - RBD 1213,si,no,,,,
"Tiene Informe a la Familia, falta Informe Psicopedagógico",Alumno en PIE360 con doc 7 y sin doc 27 (2026/legacy),Informe Psicopedagógico,27,3482,VALENTINA LUCIA MUÑOZ CELEDON,27.738.068-4,2,Liceo Mixto Bicentenario de Excelencia Los Andes Básica 2 - RBD 1213,si,no,,,,
"Tiene Informe a la Familia, falta Informe Psicopedagógico",Alumno en PIE360 con doc 7 y sin doc 27 (2026/legacy),Informe Psicopedagógico,27,3500,JOEL IGNACIO PARRA CIFUENTES,25.412.897-K,2,Liceo Mixto Bicentenario de Excelencia Los Andes Básica 2 - RBD 1213,si,no,,,,
"Tiene Informe a la Familia, falta Informe Psicopedagógico",Alumno en PIE360 con doc 7 y sin doc 27 (2026/legacy),Informe Psicopedagógico,27,3513,SANTIAGO ARIAS GORDILLO,28.366.390-6,3,Liceo Mixto Bicentenario de Excelencia los Andes Media - RBD 1213,si,no,,,,
"Tiene Informe a la Familia, falta Informe Psicopedagógico",Alumno en PIE360 con doc 7 y sin doc 27 (2026/legacy),Informe Psicopedagógico,27,3519,SEBASTIAN EDUARDO CORTES GRAU,23.558.076-4,3,Liceo Mixto Bicentenario de Excelencia los Andes Media - RBD 1213,si,no,,,,
"Tiene Informe a la Familia, falta Informe Psicopedagógico",Alumno en PIE360 con doc 7 y sin doc 27 (2026/legacy),Informe Psicopedagógico,27,3521,FLORENCIA CAROLINA HENRIQUEZ GRIFFITHS,23.403.453-7,3,Liceo Mixto Bicentenario de Excelencia los Andes Media - RBD 1213,si,no,,,,
"Tiene Informe a la Familia, falta Informe Psicopedagógico",Alumno en PIE360 con doc 7 y sin doc 27 (2026/legacy),Informe Psicopedagógico,27,3547,DARA MILAGROS CARRERA CUERO,26.124.377-6,2,Liceo Mixto Bicentenario de Excelencia Los Andes Básica 2 - RBD 1213,si,no,,,,
"Tiene Informe a la Familia, falta Informe Psicopedagógico",Alumno en PIE360 con doc 7 y sin doc 27 (2026/legacy),Informe Psicopedagógico,27,3587,VICENTE IGNACIO SILVA ESPINDOLA,24.773.338-8,2,Liceo Mixto Bicentenario de Excelencia Los Andes Básica 2 - RBD 1213,si,no,,,,
"Tiene Informe a la Familia, falta Informe Psicopedagógico",Alumno en PIE360 con doc 7 y sin doc 27 (2026/legacy),Informe Psicopedagógico,27,3596,AFRICA SINAI PEREZ HERNANDEZ,26.018.410-5,3,Liceo Mixto Bicentenario de Excelencia los Andes Media - RBD 1213,si,no,,,,
"Tiene Informe a la Familia, falta Informe Psicopedagógico",Alumno en PIE360 con doc 7 y sin doc 27 (2026/legacy),Informe Psicopedagógico,27,3610,CARLOS MATIAS ZAMBRANO HERRERA,23.781.005-8,3,Liceo Mixto Bicentenario de Excelencia los Andes Media - RBD 1213,si,no,,,,
"Tiene Informe a la Familia, falta Informe Psicopedagógico",Alumno en PIE360 con doc 7 y sin doc 27 (2026/legacy),Informe Psicopedagógico,27,3642,SOFÍA ALEJANDRA MERCE HIDALGO,22.698.449-6,3,Liceo Mixto Bicentenario de Excelencia los Andes Media - RBD 1213,si,no,,,,
"Tiene Informe a la Familia, falta Informe Psicopedagógico",Alumno en PIE360 con doc 7 y sin doc 27 (2026/legacy),Informe Psicopedagógico,27,3646,BRUNO DARIO RAMIREZ HINOJOSA,23.100.659-1,3,Liceo Mixto Bicentenario de Excelencia los Andes Media - RBD 1213,si,no,,,,
"Tiene Informe a la Familia, falta Informe Psicopedagógico",Alumno en PIE360 con doc 7 y sin doc 27 (2026/legacy),Informe Psicopedagógico,27,3669,FERNANDA ELIZABETH ACEVEDO IBACETA,23.079.232-1,3,Liceo Mixto Bicentenario de Excelencia los Andes Media - RBD 1213,si,no,,,,
"Tiene Informe a la Familia, falta Informe Psicopedagógico",Alumno en PIE360 con doc 7 y sin doc 27 (2026/legacy),Informe Psicopedagógico,27,3681,MARIA ANGELICA ARAYA INOSTROZA,23.808.192-0,3,Liceo Mixto Bicentenario de Excelencia los Andes Media - RBD 1213,si,no,,,,
"Tiene Informe a la Familia, falta Informe Psicopedagógico",Alumno en PIE360 con doc 7 y sin doc 27 (2026/legacy),Informe Psicopedagógico,27,3695,LAURA ANTONIA CONSTANZO JARA,23.684.358-0,3,Liceo Mixto Bicentenario de Excelencia los Andes Media - RBD 1213,si,no,,,,
"Tiene Informe a la Familia, falta Informe Psicopedagógico",Alumno en PIE360 con doc 7 y sin doc 27 (2026/legacy),Informe Psicopedagógico,27,3705,DANTE PAOLO AREJULA JERIA,23.299.950-0,3,Liceo Mixto Bicentenario de Excelencia los Andes Media - RBD 1213,si,no,,,,
"Tiene Informe a la Familia, falta Informe Psicopedagógico",Alumno en PIE360 con doc 7 y sin doc 27 (2026/legacy),Informe Psicopedagógico,27,3708,MATEO ALONSO ERAZO GUEVARA,23.911.370-2,2,Liceo Mixto Bicentenario de Excelencia Los Andes Básica 2 - RBD 1213,si,no,,,,
"Tiene Informe a la Familia, falta Informe Psicopedagógico",Alumno en PIE360 con doc 7 y sin doc 27 (2026/legacy),Informe Psicopedagógico,27,3726,ANTONELHA ESTEFANIA PICHUN HERMOSILLA,24.543.309-3,2,Liceo Mixto Bicentenario de Excelencia Los Andes Básica 2 - RBD 1213,si,no,,,,
"Tiene Informe a la Familia, falta Informe Psicopedagógico",Alumno en PIE360 con doc 7 y sin doc 27 (2026/legacy),Informe Psicopedagógico,27,3732,MATEO IGNACIO PINTO HERMOSILLA,27.217.510-1,2,Liceo Mixto Bicentenario de Excelencia Los Andes Básica 2 - RBD 1213,si,no,,,,
"Tiene Informe a la Familia, falta Informe Psicopedagógico",Alumno en PIE360 con doc 7 y sin doc 27 (2026/legacy),Informe Psicopedagógico,27,3756,MARTIN IGNACIO COLLIO LEIVA,23.725.513-5,3,Liceo Mixto Bicentenario de Excelencia los Andes Media - RBD 1213,si,no,,,,
"Tiene Informe a la Familia, falta Informe Psicopedagógico",Alumno en PIE360 con doc 7 y sin doc 27 (2026/legacy),Informe Psicopedagógico,27,3772,MAXIMILIANO ALEXANDER FERNANDEZ LIRA,23.654.141-K,3,Liceo Mixto Bicentenario de Excelencia los Andes Media - RBD 1213,si,no,,,,
"Tiene Informe a la Familia, falta Informe Psicopedagógico",Alumno en PIE360 con doc 7 y sin doc 27 (2026/legacy),Informe Psicopedagógico,27,3787,DANTE IVAN ROJAS JARA,27.445.859-3,2,Liceo Mixto Bicentenario de Excelencia Los Andes Básica 2 - RBD 1213,si,no,,,,
"Tiene Informe a la Familia, falta Informe Psicopedagógico",Alumno en PIE360 con doc 7 y sin doc 27 (2026/legacy),Informe Psicopedagógico,27,3792,AGUSTIN IGNACIO MIQUEL LOPEZ,23.848.396-4,3,Liceo Mixto Bicentenario de Excelencia los Andes Media - RBD 1213,si,no,,,,
"Tiene Informe a la Familia, falta Informe Psicopedagógico",Alumno en PIE360 con doc 7 y sin doc 27 (2026/legacy),Informe Psicopedagógico,27,3804,DANKO ANTONIO PINTO LOPEZ,23.254.175-K,3,Liceo Mixto Bicentenario de Excelencia los Andes Media - RBD 1213,si,no,,,,
"Tiene Informe a la Familia, falta Informe Psicopedagógico",Alumno en PIE360 con doc 7 y sin doc 27 (2026/legacy),Informe Psicopedagógico,27,3819,GENECISS ANTONELLA JOFRE LAZO,23.940.220-8,2,Liceo Mixto Bicentenario de Excelencia Los Andes Básica 2 - RBD 1213,si,no,,,,
"Tiene Informe a la Familia, falta Informe Psicopedagógico",Alumno en PIE360 con doc 7 y sin doc 27 (2026/legacy),Informe Psicopedagógico,27,3822,MANUELA QUINTANA LOPEZ,26.458.145-1,3,Liceo Mixto Bicentenario de Excelencia los Andes Media - RBD 1213,si,no,,,,
"Tiene Informe a la Familia, falta Informe Psicopedagógico",Alumno en PIE360 con doc 7 y sin doc 27 (2026/legacy),Informe Psicopedagógico,27,3827,AMANDA ANTONIA VASQUEZ LIZANA,27.593.209-4,2,Liceo Mixto Bicentenario de Excelencia Los Andes Básica 2 - RBD 1213,si,no,,,,
"Tiene Informe a la Familia, falta Informe Psicopedagógico",Alumno en PIE360 con doc 7 y sin doc 27 (2026/legacy),Informe Psicopedagógico,27,3875,KIARA ELIZABETH ALBORNOZ MALDONADO,24.665.190-6,2,Liceo Mixto Bicentenario de Excelencia Los Andes Básica 2 - RBD 1213,si,no,,,,
"Tiene Informe a la Familia, falta Informe Psicopedagógico",Alumno en PIE360 con doc 7 y sin doc 27 (2026/legacy),Informe Psicopedagógico,27,3921,FIORELLA ANDREA VALLEJOS MERCHAN,27.093.960-0,2,Liceo Mixto Bicentenario de Excelencia Los Andes Básica 2 - RBD 1213,si,no,,,,
"Tiene Informe a la Familia, falta Informe Psicopedagógico",Alumno en PIE360 con doc 7 y sin doc 27 (2026/legacy),Informe Psicopedagógico,27,3929,AMANDA PASKAL COSSIO MIRANDA,27.615.048-0,2,Liceo Mixto Bicentenario de Excelencia Los Andes Básica 2 - RBD 1213,si,no,,,,
"Tiene Informe a la Familia, falta Informe Psicopedagógico",Alumno en PIE360 con doc 7 y sin doc 27 (2026/legacy),Informe Psicopedagógico,27,3937,ALEX MARC MADRIAGA MONROY,27.726.563-K,2,Liceo Mixto Bicentenario de Excelencia Los Andes Básica 2 - RBD 1213,si,no,,,,
"Tiene Informe a la Familia, falta Informe Psicopedagógico",Alumno en PIE360 con doc 7 y sin doc 27 (2026/legacy),Informe Psicopedagógico,27,3943,HUGO ALBERTO JADAD MONTERO,27.623.628-8,2,Liceo Mixto Bicentenario de Excelencia Los Andes Básica 2 - RBD 1213,si,no,,,,
"Tiene Informe a la Familia, falta Informe Psicopedagógico",Alumno en PIE360 con doc 7 y sin doc 27 (2026/legacy),Informe Psicopedagógico,27,3948,TOMAS FELIPE CASTILLO MENA,22.960.987-4,3,Liceo Mixto Bicentenario de Excelencia los Andes Media - RBD 1213,si,no,,,,
"Tiene Informe a la Familia, falta Informe Psicopedagógico",Alumno en PIE360 con doc 7 y sin doc 27 (2026/legacy),Informe Psicopedagógico,27,3992,JADDE ESCARLETT DIAZ MONTIEL,23.387.390-K,3,Liceo Mixto Bicentenario de Excelencia los Andes Media - RBD 1213,si,no,,,,
"Tiene Informe a la Familia, falta Informe Psicopedagógico",Alumno en PIE360 con doc 7 y sin doc 27 (2026/legacy),Informe Psicopedagógico,27,3998,MIA NICOLE MORA MORA,100.550.346-5,3,Liceo Mixto Bicentenario de Excelencia los Andes Media - RBD 1213,si,no,,,,
"Tiene Informe a la Familia, falta Informe Psicopedagógico",Alumno en PIE360 con doc 7 y sin doc 27 (2026/legacy),Informe Psicopedagógico,27,4029,LUCAS MAXIMILIANO CONTRERAS ORELLANA,24.679.953-9,2,Liceo Mixto Bicentenario de Excelencia Los Andes Básica 2 - RBD 1213,si,no,,,,
"Tiene Informe a la Familia, falta Informe Psicopedagógico",Alumno en PIE360 con doc 7 y sin doc 27 (2026/legacy),Informe Psicopedagógico,27,4031,ROLANDO JOSE ANJARÍ ORELLANA,27.646.718-2,2,Liceo Mixto Bicentenario de Excelencia Los Andes Básica 2 - RBD 1213,si,no,,,,
"Tiene Informe a la Familia, falta Informe Psicopedagógico",Alumno en PIE360 con doc 7 y sin doc 27 (2026/legacy),Informe Psicopedagógico,27,4050,GERARDO IGNACIO COLARTE MUÑOZ,23.338.604-9,3,Liceo Mixto Bicentenario de Excelencia los Andes Media - RBD 1213,si,no,,,,
"Tiene Informe a la Familia, falta Informe Psicopedagógico",Alumno en PIE360 con doc 7 y sin doc 27 (2026/legacy),Informe Psicopedagógico,27,4054,IGNACIO  TOMAS MALDONADO MUÑOZ,23.034.433-7,3,Liceo Mixto Bicentenario de Excelencia los Andes Media - RBD 1213,si,no,,,,
"Tiene Informe a la Familia, falta Informe Psicopedagógico",Alumno en PIE360 con doc 7 y sin doc 27 (2026/legacy),Informe Psicopedagógico,27,4059,ALICIA BELLEN AYALA OYANEDEL,27.359.852-9,2,Liceo Mixto Bicentenario de Excelencia Los Andes Básica 2 - RBD 1213,si,no,,,,
"Tiene Informe a la Familia, falta Informe Psicopedagógico",Alumno en PIE360 con doc 7 y sin doc 27 (2026/legacy),Informe Psicopedagógico,27,4076,SEBASTIAN  IGNACIO ESPINDOLA MUÑOZ,23.329.142-0,3,Liceo Mixto Bicentenario de Excelencia los Andes Media - RBD 1213,si,no,,,,
"Tiene Informe a la Familia, falta Informe Psicopedagógico",Alumno en PIE360 con doc 7 y sin doc 27 (2026/legacy),Informe Psicopedagógico,27,4086,AGUSTIN PATRICIO URIBE NAVARRETE,23.799.766-2,3,Liceo Mixto Bicentenario de Excelencia los Andes Media - RBD 1213,si,no,,,,
"Tiene Informe a la Familia, falta Informe Psicopedagógico",Alumno en PIE360 con doc 7 y sin doc 27 (2026/legacy),Informe Psicopedagógico,27,4119,VICENTE FRANCISCO OLIVA PINILLA,24.872.131-6,2,Liceo Mixto Bicentenario de Excelencia Los Andes Básica 2 - RBD 1213,si,no,,,,
"Tiene Informe a la Familia, falta Informe Psicopedagógico",Alumno en PIE360 con doc 7 y sin doc 27 (2026/legacy),Informe Psicopedagógico,27,4134,ROBINSON CRISTOBAL MEDINA OGALDE,23.826.607-6,3,Liceo Mixto Bicentenario de Excelencia los Andes Media - RBD 1213,si,no,,,,
"Tiene Informe a la Familia, falta Informe Psicopedagógico",Alumno en PIE360 con doc 7 y sin doc 27 (2026/legacy),Informe Psicopedagógico,27,4135,ISABELLA PASCALE VILLARROEL PUEBLA,25.539.755-9,2,Liceo Mixto Bicentenario de Excelencia Los Andes Básica 2 - RBD 1213,si,no,,,,
"Tiene Informe a la Familia, falta Informe Psicopedagógico",Alumno en PIE360 con doc 7 y sin doc 27 (2026/legacy),Informe Psicopedagógico,27,4137,ELIAM NAIN WRIGHT PUJADO,27.504.290-0,2,Liceo Mixto Bicentenario de Excelencia Los Andes Básica 2 - RBD 1213,si,no,,,,
"Tiene Informe a la Familia, falta Informe Psicopedagógico",Alumno en PIE360 con doc 7 y sin doc 27 (2026/legacy),Informe Psicopedagógico,27,4139,NAHUM ENAM WRIGHT PUJADO,25.875.890-0,2,Liceo Mixto Bicentenario de Excelencia Los Andes Básica 2 - RBD 1213,si,no,,,,
"Tiene Informe a la Familia, falta Informe Psicopedagógico",Alumno en PIE360 con doc 7 y sin doc 27 (2026/legacy),Informe Psicopedagógico,27,4159,MARTIN ALFONSO QUIROZ QUIROZ,27.574.758-0,2,Liceo Mixto Bicentenario de Excelencia Los Andes Básica 2 - RBD 1213,si,no,,,,
"Tiene Informe a la Familia, falta Informe Psicopedagógico",Alumno en PIE360 con doc 7 y sin doc 27 (2026/legacy),Informe Psicopedagógico,27,4160,ALFONSO ANTONIO MENA OPAZO,23.877.414-4,3,Liceo Mixto Bicentenario de Excelencia los Andes Media - RBD 1213,si,no,,,,
"Tiene Informe a la Familia, falta Informe Psicopedagógico",Alumno en PIE360 con doc 7 y sin doc 27 (2026/legacy),Informe Psicopedagógico,27,4165,SEBASTIAN IGNACIO SAAVEDRA RAMIREZ,27.647.382-4,2,Liceo Mixto Bicentenario de Excelencia Los Andes Básica 2 - RBD 1213,si,no,,,,
"Tiene Informe a la Familia, falta Informe Psicopedagógico",Alumno en PIE360 con doc 7 y sin doc 27 (2026/legacy),Informe Psicopedagógico,27,4182,DILAN JESUS PERALTA OROSTIZAGA,23.332.209-1,3,Liceo Mixto Bicentenario de Excelencia los Andes Media - RBD 1213,si,no,,,,
"Tiene Informe a la Familia, falta Informe Psicopedagógico",Alumno en PIE360 con doc 7 y sin doc 27 (2026/legacy),Informe Psicopedagógico,27,4184,MAXIMILIANO EXEQUIEL NAVARRO OROZCO,23.689.017-1,3,Liceo Mixto Bicentenario de Excelencia los Andes Media - RBD 1213,si,no,,,,
"Tiene Informe a la Familia, falta Informe Psicopedagógico",Alumno en PIE360 con doc 7 y sin doc 27 (2026/legacy),Informe Psicopedagógico,27,4220,BENJAMIN  IGNACIO CORTES OTAROLA,23.159.219-9,3,Liceo Mixto Bicentenario de Excelencia los Andes Media - RBD 1213,si,no,,,,
"Tiene Informe a la Familia, falta Informe Psicopedagógico",Alumno en PIE360 con doc 7 y sin doc 27 (2026/legacy),Informe Psicopedagógico,27,4225,ALONSO EDUARDO VILLALOBOS SAA,25.133.390-4,2,Liceo Mixto Bicentenario de Excelencia Los Andes Básica 2 - RBD 1213,si,no,,,,
"Tiene Informe a la Familia, falta Informe Psicopedagógico",Alumno en PIE360 con doc 7 y sin doc 27 (2026/legacy),Informe Psicopedagógico,27,4233,GABRIEL HERNAN ALEJANDRO HERRERA SAEZ,24.156.203-4,2,Liceo Mixto Bicentenario de Excelencia Los Andes Básica 2 - RBD 1213,si,no,,,,
"Tiene Informe a la Familia, falta Informe Psicopedagógico",Alumno en PIE360 con doc 7 y sin doc 27 (2026/legacy),Informe Psicopedagógico,27,4250,JUAN ALFONSO ESTEFANO ARANCIBIA PAEZ,23.953.336-1,3,Liceo Mixto Bicentenario de Excelencia los Andes Media - RBD 1213,si,no,,,,
"Tiene Informe a la Familia, falta Informe Psicopedagógico",Alumno en PIE360 con doc 7 y sin doc 27 (2026/legacy),Informe Psicopedagógico,27,4271,NICOLAS ANDRES GALDAMES SIERRA,27.248.241-1,2,Liceo Mixto Bicentenario de Excelencia Los Andes Básica 2 - RBD 1213,si,no,,,,
"Tiene Informe a la Familia, falta Informe Psicopedagógico",Alumno en PIE360 con doc 7 y sin doc 27 (2026/legacy),Informe Psicopedagógico,27,4283,MASSIEL FERNANDO DEBIASSI SOSA,100.850.626-0,2,Liceo Mixto Bicentenario de Excelencia Los Andes Básica 2 - RBD 1213,si,no,,,,
"Tiene Informe a la Familia, falta Informe Psicopedagógico",Alumno en PIE360 con doc 7 y sin doc 27 (2026/legacy),Informe Psicopedagógico,27,4289,IGNACIO JAVIER ROBLES SOTO,24.974.997-4,2,Liceo Mixto Bicentenario de Excelencia Los Andes Básica 2 - RBD 1213,si,no,,,,
"Tiene Informe a la Familia, falta Informe Psicopedagógico",Alumno en PIE360 con doc 7 y sin doc 27 (2026/legacy),Informe Psicopedagógico,27,4318,MAYRA AYLIN TAPIA PEREZ,23.365.928-2,3,Liceo Mixto Bicentenario de Excelencia los Andes Media - RBD 1213,si,no,,,,
"Tiene Informe a la Familia, falta Informe Psicopedagógico",Alumno en PIE360 con doc 7 y sin doc 27 (2026/legacy),Informe Psicopedagógico,27,4319,EVAN LEON ALVAREZ TAPIA,27.332.334-1,2,Liceo Mixto Bicentenario de Excelencia Los Andes Básica 2 - RBD 1213,si,no,,,,
"Tiene Informe a la Familia, falta Informe Psicopedagógico",Alumno en PIE360 con doc 7 y sin doc 27 (2026/legacy),Informe Psicopedagógico,27,4327,SIMÓN PABLO LADRÓN DE GUEVARA TAPIA,24.943.223-7,2,Liceo Mixto Bicentenario de Excelencia Los Andes Básica 2 - RBD 1213,si,no,,,,
"Tiene Informe a la Familia, falta Informe Psicopedagógico",Alumno en PIE360 con doc 7 y sin doc 27 (2026/legacy),Informe Psicopedagógico,27,4344,LUIS ANTONIO VICENCIO PINO,22.948.995-K,3,Liceo Mixto Bicentenario de Excelencia los Andes Media - RBD 1213,si,no,,,,
"Tiene Informe a la Familia, falta Informe Psicopedagógico",Alumno en PIE360 con doc 7 y sin doc 27 (2026/legacy),Informe Psicopedagógico,27,4377,GONZALO DAVID FIGUEROA VALENZUELA,25.755.199-7,2,Liceo Mixto Bicentenario de Excelencia Los Andes Básica 2 - RBD 1213,si,no,,,,
"Tiene Informe a la Familia, falta Informe Psicopedagógico",Alumno en PIE360 con doc 7 y sin doc 27 (2026/legacy),Informe Psicopedagógico,27,4396,VICENTE ALFREDO OJEDA PULGAR,23.303.467-3,3,Liceo Mixto Bicentenario de Excelencia los Andes Media - RBD 1213,si,no,,,,
"Tiene Informe a la Familia, falta Informe Psicopedagógico",Alumno en PIE360 con doc 7 y sin doc 27 (2026/legacy),Informe Psicopedagógico,27,4417,CAMILO ANDRES SILVA VIDAL,27.385.746-K,2,Liceo Mixto Bicentenario de Excelencia Los Andes Básica 2 - RBD 1213,si,no,,,,
"Tiene Informe a la Familia, falta Informe Psicopedagógico",Alumno en PIE360 con doc 7 y sin doc 27 (2026/legacy),Informe Psicopedagógico,27,4428,VICTORIA STEFANY BACHIR QUIROGA,23.212.224-2,3,Liceo Mixto Bicentenario de Excelencia los Andes Media - RBD 1213,si,no,,,,
"Tiene Informe a la Familia, falta Informe Psicopedagógico",Alumno en PIE360 con doc 7 y sin doc 27 (2026/legacy),Informe Psicopedagógico,27,4441,IVAN ENRIQUE CERDA VILLALOBOS,26.393.048-7,2,Liceo Mixto Bicentenario de Excelencia Los Andes Básica 2 - RBD 1213,si,no,,,,
"Tiene Informe a la Familia, falta Informe Psicopedagógico",Alumno en PIE360 con doc 7 y sin doc 27 (2026/legacy),Informe Psicopedagógico,27,4455,ALAN IGNACIO CHAVARRIA VILLEGAS,27.508.209-0,2,Liceo Mixto Bicentenario de Excelencia Los Andes Básica 2 - RBD 1213,si,no,,,,
"Tiene Informe a la Familia, falta Informe Psicopedagógico",Alumno en PIE360 con doc 7 y sin doc 27 (2026/legacy),Informe Psicopedagógico,27,4461,LUIS ALONSO CHAVARRIA VILLEGAS,24.792.698-4,2,Liceo Mixto Bicentenario de Excelencia Los Andes Básica 2 - RBD 1213,si,no,,,,
"Tiene Informe a la Familia, falta Informe Psicopedagógico",Alumno en PIE360 con doc 7 y sin doc 27 (2026/legacy),Informe Psicopedagógico,27,4462,TOMAS BENJAMIN IBARRA RAMIREZ,23.727.932-8,3,Liceo Mixto Bicentenario de Excelencia los Andes Media - RBD 1213,si,no,,,,
"Tiene Informe a la Familia, falta Informe Psicopedagógico",Alumno en PIE360 con doc 7 y sin doc 27 (2026/legacy),Informe Psicopedagógico,27,4473,LUCIA SIMONETTE JAQUE VULETIN,27.510.906-1,2,Liceo Mixto Bicentenario de Excelencia Los Andes Básica 2 - RBD 1213,si,no,,,,
"Tiene Informe a la Familia, falta Informe Psicopedagógico",Alumno en PIE360 con doc 7 y sin doc 27 (2026/legacy),Informe Psicopedagógico,27,4483,ALVARO ROMAN SALINAS ZAGAL,24.688.247-9,2,Liceo Mixto Bicentenario de Excelencia Los Andes Básica 2 - RBD 1213,si,no,,,,
"Tiene Informe a la Familia, falta Informe Psicopedagógico",Alumno en PIE360 con doc 7 y sin doc 27 (2026/legacy),Informe Psicopedagógico,27,4484,GIULIANNA ELISABETH HERNÁNDEZ RETAMAL,22.716.595-2,3,Liceo Mixto Bicentenario de Excelencia los Andes Media - RBD 1213,si,no,,,,
"Tiene Informe a la Familia, falta Informe Psicopedagógico",Alumno en PIE360 con doc 7 y sin doc 27 (2026/legacy),Informe Psicopedagógico,27,4485,EITHAN NICOLAS SALINAS ZAGAL,25.788.080-K,2,Liceo Mixto Bicentenario de Excelencia Los Andes Básica 2 - RBD 1213,si,no,,,,
"Tiene Informe a la Familia, falta Informe Psicopedagógico",Alumno en PIE360 con doc 7 y sin doc 27 (2026/legacy),Informe Psicopedagógico,27,4523,EMILY ANTONIA COLLAO ROBLES,22.783.569-9,3,Liceo Mixto Bicentenario de Excelencia los Andes Media - RBD 1213,si,no,,,,
"Tiene Informe a la Familia, falta Informe Psicopedagógico",Alumno en PIE360 con doc 7 y sin doc 27 (2026/legacy),Informe Psicopedagógico,27,4540,DUVAN JESUS PALMA ROJAS,23.630.468-K,3,Liceo Mixto Bicentenario de Excelencia los Andes Media - RBD 1213,si,no,,,,
"Tiene Informe a la Familia, falta Informe Psicopedagógico",Alumno en PIE360 con doc 7 y sin doc 27 (2026/legacy),Informe Psicopedagógico,27,4541,DYLAN ALEXANDER AROS ROJAS,23.294.667-9,3,Liceo Mixto Bicentenario de Excelencia los Andes Media - RBD 1213,si,no,,,,
"Tiene Informe a la Familia, falta Informe Psicopedagógico",Alumno en PIE360 con doc 7 y sin doc 27 (2026/legacy),Informe Psicopedagógico,27,4543,JENNYFER YADHIRA ANNAHIS PALMA ROJAS,23.261.855-8,3,Liceo Mixto Bicentenario de Excelencia los Andes Media - RBD 1213,si,no,,,,
"Tiene Informe a la Familia, falta Informe Psicopedagógico",Alumno en PIE360 con doc 7 y sin doc 27 (2026/legacy),Informe Psicopedagógico,27,4547,NELSON GIORDANO MEZA ROJAS,23.173.631-K,3,Liceo Mixto Bicentenario de Excelencia los Andes Media - RBD 1213,si,no,,,,
"Tiene Informe a la Familia, falta Informe Psicopedagógico",Alumno en PIE360 con doc 7 y sin doc 27 (2026/legacy),Informe Psicopedagógico,27,4549,IVAN DAVID GONZALEZ ROMAN,22.910.151-K,3,Liceo Mixto Bicentenario de Excelencia los Andes Media - RBD 1213,si,no,,,,
"Tiene Informe a la Familia, falta Informe Psicopedagógico",Alumno en PIE360 con doc 7 y sin doc 27 (2026/legacy),Informe Psicopedagógico,27,4554,XIOMARA ALEJANDRA ANABALON RUIZ,23.995.712-9,3,Liceo Mixto Bicentenario de Excelencia los Andes Media - RBD 1213,si,no,,,,
"Tiene Informe a la Familia, falta Informe Psicopedagógico",Alumno en PIE360 con doc 7 y sin doc 27 (2026/legacy),Informe Psicopedagógico,27,4557,CRISTOPHER ALEJANDRO CALFIN SAAVEDRA,23.831.764-9,3,Liceo Mixto Bicentenario de Excelencia los Andes Media - RBD 1213,si,no,,,,
"Tiene Informe a la Familia, falta Informe Psicopedagógico",Alumno en PIE360 con doc 7 y sin doc 27 (2026/legacy),Informe Psicopedagógico,27,4584,SOFIA VICTORIA MUÑOZ SALINAS,22.976.965-0,3,Liceo Mixto Bicentenario de Excelencia los Andes Media - RBD 1213,si,no,,,,
"Tiene Informe a la Familia, falta Informe Psicopedagógico",Alumno en PIE360 con doc 7 y sin doc 27 (2026/legacy),Informe Psicopedagógico,27,4595,FLORENCIA PASCAL GUAJARDO SANCHEZ,23.096.949-3,3,Liceo Mixto Bicentenario de Excelencia los Andes Media - RBD 1213,si,no,,,,
"Tiene Informe a la Familia, falta Informe Psicopedagógico",Alumno en PIE360 con doc 7 y sin doc 27 (2026/legacy),Informe Psicopedagógico,27,4607,JULIAN ALONSO FUENTES SANTIS,23.054.751-3,3,Liceo Mixto Bicentenario de Excelencia los Andes Media - RBD 1213,si,no,,,,
"Tiene Informe a la Familia, falta Informe Psicopedagógico",Alumno en PIE360 con doc 7 y sin doc 27 (2026/legacy),Informe Psicopedagógico,27,4609,JASSHIR  IGNACIO  DE JESUS SALINAS SASO,23.384.394-6,3,Liceo Mixto Bicentenario de Excelencia los Andes Media - RBD 1213,si,no,,,,
"Tiene Informe a la Familia, falta Informe Psicopedagógico",Alumno en PIE360 con doc 7 y sin doc 27 (2026/legacy),Informe Psicopedagógico,27,4611,CRISTOBAL ANDRES BRAVO SEGURA,23.854.113-1,3,Liceo Mixto Bicentenario de Excelencia los Andes Media - RBD 1213,si,no,,,,
"Tiene Informe a la Familia, falta Informe Psicopedagógico",Alumno en PIE360 con doc 7 y sin doc 27 (2026/legacy),Informe Psicopedagógico,27,4624,DENISSE ISIDORA MADRID SILVA,22.991.534-7,3,Liceo Mixto Bicentenario de Excelencia los Andes Media - RBD 1213,si,no,,,,
"Tiene Informe a la Familia, falta Informe Psicopedagógico",Alumno en PIE360 con doc 7 y sin doc 27 (2026/legacy),Informe Psicopedagógico,27,4637,GABRIEL VICENTE ANTONIO COCIO SOTO,23.845.316-K,3,Liceo Mixto Bicentenario de Excelencia los Andes Media - RBD 1213,si,no,,,,
"Tiene Informe a la Familia, falta Informe Psicopedagógico",Alumno en PIE360 con doc 7 y sin doc 27 (2026/legacy),Informe Psicopedagógico,27,4654,DYLAN GABRIEL BALMACEDA TAPIA,23.893.547-4,3,Liceo Mixto Bicentenario de Excelencia los Andes Media - RBD 1213,si,no,,,,
"Tiene Informe a la Familia, falta Informe Psicopedagógico",Alumno en PIE360 con doc 7 y sin doc 27 (2026/legacy),Informe Psicopedagógico,27,4660,LUKAS FABIANO PALOMINOS TAPIA,23.163.398-7,3,Liceo Mixto Bicentenario de Excelencia los Andes Media - RBD 1213,si,no,,,,
"Tiene Informe a la Familia, falta Informe Psicopedagógico",Alumno en PIE360 con doc 7 y sin doc 27 (2026/legacy),Informe Psicopedagógico,27,4665,NORTON JAVIER FUENTES TAPIA,23.770.126-7,3,Liceo Mixto Bicentenario de Excelencia los Andes Media - RBD 1213,si,no,,,,
"Tiene Informe a la Familia, falta Informe Psicopedagógico",Alumno en PIE360 con doc 7 y sin doc 27 (2026/legacy),Informe Psicopedagógico,27,4681,MAICOL ALEXANDER BASULTO TORRES,23.551.486-9,3,Liceo Mixto Bicentenario de Excelencia los Andes Media - RBD 1213,si,no,,,,
"Tiene Informe a la Familia, falta Informe Psicopedagógico",Alumno en PIE360 con doc 7 y sin doc 27 (2026/legacy),Informe Psicopedagógico,27,4682,MAXIMILIANO AGUSTIN BIADAYOLI TORRES,23.830.250-1,3,Liceo Mixto Bicentenario de Excelencia los Andes Media - RBD 1213,si,no,,,,
"Tiene Informe a la Familia, falta Informe Psicopedagógico",Alumno en PIE360 con doc 7 y sin doc 27 (2026/legacy),Informe Psicopedagógico,27,4687,ANTONIA CONSTANZA LARRAIN TRUJILLO,23.213.773-8,3,Liceo Mixto Bicentenario de Excelencia los Andes Media - RBD 1213,si,no,,,,
"Tiene Informe a la Familia, falta Informe Psicopedagógico",Alumno en PIE360 con doc 7 y sin doc 27 (2026/legacy),Informe Psicopedagógico,27,4693,WILLIAM ANTONIO FUENZALIDA URETA,22.427.812-8,3,Liceo Mixto Bicentenario de Excelencia los Andes Media - RBD 1213,si,no,,,,
"Tiene Informe a la Familia, falta Informe Psicopedagógico",Alumno en PIE360 con doc 7 y sin doc 27 (2026/legacy),Informe Psicopedagógico,27,4695,SEBASTIAN  PATRICIO MUÑOZ URIBE,22.427.043-7,3,Liceo Mixto Bicentenario de Excelencia los Andes Media - RBD 1213,si,no,,,,
"Tiene Informe a la Familia, falta Informe Psicopedagógico",Alumno en PIE360 con doc 7 y sin doc 27 (2026/legacy),Informe Psicopedagógico,27,4697,BENJAMIN IGNACIO GONZALEZ URTUBIA,23.672.137-K,3,Liceo Mixto Bicentenario de Excelencia los Andes Media - RBD 1213,si,no,,,,
"Tiene Informe a la Familia, falta Informe Psicopedagógico",Alumno en PIE360 con doc 7 y sin doc 27 (2026/legacy),Informe Psicopedagógico,27,4725,MARITZA CAROLINA OLGUIN VASQUEZ,23.228.933-3,3,Liceo Mixto Bicentenario de Excelencia los Andes Media - RBD 1213,si,no,,,,
"Tiene Informe a la Familia, falta Informe Psicopedagógico",Alumno en PIE360 con doc 7 y sin doc 27 (2026/legacy),Informe Psicopedagógico,27,4727,RENATO EDUARDO OROSTICA VASQUEZ,23.087.250-3,3,Liceo Mixto Bicentenario de Excelencia los Andes Media - RBD 1213,si,no,,,,
"Tiene Informe a la Familia, falta Informe Psicopedagógico",Alumno en PIE360 con doc 7 y sin doc 27 (2026/legacy),Informe Psicopedagógico,27,4741,JOSE MIGUEL ARAYA VERA,23.001.604-6,3,Liceo Mixto Bicentenario de Excelencia los Andes Media - RBD 1213,si,no,,,,
"Tiene Informe a la Familia, falta Informe Psicopedagógico",Alumno en PIE360 con doc 7 y sin doc 27 (2026/legacy),Informe Psicopedagógico,27,4750,LUCIANO AVALOS VICENCIO,23.462.319-2,3,Liceo Mixto Bicentenario de Excelencia los Andes Media - RBD 1213,si,no,,,,
"Tiene Informe a la Familia, falta Informe Psicopedagógico",Alumno en PIE360 con doc 7 y sin doc 27 (2026/legacy),Informe Psicopedagógico,27,4783,NAHIA ISIDORA PONCE VILLARROEL,23.805.147-9,3,Liceo Mixto Bicentenario de Excelencia los Andes Media - RBD 1213,si,no,,,,
"Tiene Informe a la Familia, falta Informe Psicopedagógico",Alumno en PIE360 con doc 7 y sin doc 27 (2026/legacy),Informe Psicopedagógico,27,4785,TIARE ANGELINA RUIZ VILLARROEL,23.726.291-3,3,Liceo Mixto Bicentenario de Excelencia los Andes Media - RBD 1213,si,no,,,,
"Tiene Informe a la Familia, falta Informe Psicopedagógico",Alumno en PIE360 con doc 7 y sin doc 27 (2026/legacy),Informe Psicopedagógico,27,4801,FRANCISCA EMILIA CORTES ZAMORA,23.630.869-3,3,Liceo Mixto Bicentenario de Excelencia los Andes Media - RBD 1213,si,no,,,,
"Tiene Informe a la Familia, falta Informe Psicopedagógico",Alumno en PIE360 con doc 7 y sin doc 27 (2026/legacy),Informe Psicopedagógico,27,4846,MAITE   JOSSEFA SALINAS ARANCIBIA,26.006.375-8,1,Liceo Mixto Los Andes Básica 1 - RBD 14201,si,no,,,,
"Tiene Informe a la Familia, falta Informe Psicopedagógico",Alumno en PIE360 con doc 7 y sin doc 27 (2026/legacy),Informe Psicopedagógico,27,4849,DIEGO ALONSO GONZÁLEZ ARÁNGUIZ,24.334.740-8,1,Liceo Mixto Los Andes Básica 1 - RBD 14201,si,no,,,,
"Tiene Informe a la Familia, falta Informe Psicopedagógico",Alumno en PIE360 con doc 7 y sin doc 27 (2026/legacy),Informe Psicopedagógico,27,4859,ADALYS ANASTACIA MANCILLA AREVALO,24.867.111-4,1,Liceo Mixto Los Andes Básica 1 - RBD 14201,si,no,,,,
"Tiene Informe a la Familia, falta Informe Psicopedagógico",Alumno en PIE360 con doc 7 y sin doc 27 (2026/legacy),Informe Psicopedagógico,27,4884,GASPAR ANTONIO MIRANDA BARRERA,27.477.878-4,1,Liceo Mixto Los Andes Básica 1 - RBD 14201,si,no,,,,
"Tiene Informe a la Familia, falta Informe Psicopedagógico",Alumno en PIE360 con doc 7 y sin doc 27 (2026/legacy),Informe Psicopedagógico,27,4900,MÍA ISABELLA DÍAZ BLANLOT,26.119.870-3,1,Liceo Mixto Los Andes Básica 1 - RBD 14201,si,no,,,,
"Tiene Informe a la Familia, falta Informe Psicopedagógico",Alumno en PIE360 con doc 7 y sin doc 27 (2026/legacy),Informe Psicopedagógico,27,4906,IGNACIA CAROLINA MUÑOZ BRAVO,24.623.733-6,1,Liceo Mixto Los Andes Básica 1 - RBD 14201,si,no,,,,
"Tiene Informe a la Familia, falta Informe Psicopedagógico",Alumno en PIE360 con doc 7 y sin doc 27 (2026/legacy),Informe Psicopedagógico,27,4912,MARTINA ISIDORA YAÑEZ BUSTAMANTE,25.371.811-0,1,Liceo Mixto Los Andes Básica 1 - RBD 14201,si,no,,,,
"Tiene Informe a la Familia, falta Informe Psicopedagógico",Alumno en PIE360 con doc 7 y sin doc 27 (2026/legacy),Informe Psicopedagógico,27,4913,MIGUEL ANGEL YAÑEZ BUSTAMANTE,24.740.294-2,1,Liceo Mixto Los Andes Básica 1 - RBD 14201,si,no,,,,
"Tiene Informe a la Familia, falta Informe Psicopedagógico",Alumno en PIE360 con doc 7 y sin doc 27 (2026/legacy),Informe Psicopedagógico,27,4914,EMILIANO OMAR ALEXI ARAYA BUSTOS,25.279.006-3,1,Liceo Mixto Los Andes Básica 1 - RBD 14201,si,no,,,,
"Tiene Informe a la Familia, falta Informe Psicopedagógico",Alumno en PIE360 con doc 7 y sin doc 27 (2026/legacy),Informe Psicopedagógico,27,4916,ANTONELLA FERNANDA LAGOS CABRERA,26.349.964-6,1,Liceo Mixto Los Andes Básica 1 - RBD 14201,si,no,,,,
"Tiene Informe a la Familia, falta Informe Psicopedagógico",Alumno en PIE360 con doc 7 y sin doc 27 (2026/legacy),Informe Psicopedagógico,27,4949,ANANDA JULIETA OLMOS CASTAÑEDA,27.354.775-4,1,Liceo Mixto Los Andes Básica 1 - RBD 14201,si,no,,,,
"Tiene Informe a la Familia, falta Informe Psicopedagógico",Alumno en PIE360 con doc 7 y sin doc 27 (2026/legacy),Informe Psicopedagógico,27,4980,MIA SCARLETT SOTO CORDERO,24.823.317-6,1,Liceo Mixto Los Andes Básica 1 - RBD 14201,si,no,,,,
"Tiene Informe a la Familia, falta Informe Psicopedagógico",Alumno en PIE360 con doc 7 y sin doc 27 (2026/legacy),Informe Psicopedagógico,27,4985,DYLHAN ALEXANDER ANTONIO LUNA CORTÉS,26.736.912-7,1,Liceo Mixto Los Andes Básica 1 - RBD 14201,si,no,,,,
"Tiene Informe a la Familia, falta Informe Psicopedagógico",Alumno en PIE360 con doc 7 y sin doc 27 (2026/legacy),Informe Psicopedagógico,27,4986,JUSTIN LIAM SILVA CORTES,24.424.530-7,1,Liceo Mixto Los Andes Básica 1 - RBD 14201,si,no,,,,
"Tiene Informe a la Familia, falta Informe Psicopedagógico",Alumno en PIE360 con doc 7 y sin doc 27 (2026/legacy),Informe Psicopedagógico,27,5010,MAR VICTORINA JORQUERA ESTEVE,27.498.396-5,1,Liceo Mixto Los Andes Básica 1 - RBD 14201,si,no,,,,
"Tiene Informe a la Familia, falta Informe Psicopedagógico",Alumno en PIE360 con doc 7 y sin doc 27 (2026/legacy),Informe Psicopedagógico,27,5026,VICENTE NICOLÁS MADRID FIGUEROA,25.570.145-2,1,Liceo Mixto Los Andes Básica 1 - RBD 14201,si,no,,,,
"Tiene Informe a la Familia, falta Informe Psicopedagógico",Alumno en PIE360 con doc 7 y sin doc 27 (2026/legacy),Informe Psicopedagógico,27,5041,BASTIAN ANDREE ARACENA GALVEZ,25.792.510-2,1,Liceo Mixto Los Andes Básica 1 - RBD 14201,si,no,,,,
"Tiene Informe a la Familia, falta Informe Psicopedagógico",Alumno en PIE360 con doc 7 y sin doc 27 (2026/legacy),Informe Psicopedagógico,27,5045,AGUSTINA IGNACIA GALLARDO GARCIA,25.678.394-0,1,Liceo Mixto Los Andes Básica 1 - RBD 14201,si,no,,,,
"Tiene Informe a la Familia, falta Informe Psicopedagógico",Alumno en PIE360 con doc 7 y sin doc 27 (2026/legacy),Informe Psicopedagógico,27,5051,EMMA LETICIA PAZ OSORIO GIUSTI,27.450.723-3,1,Liceo Mixto Los Andes Básica 1 - RBD 14201,si,no,,,,
"Tiene Informe a la Familia, falta Informe Psicopedagógico",Alumno en PIE360 con doc 7 y sin doc 27 (2026/legacy),Informe Psicopedagógico,27,5074,JEAN CARLOS RODRIGUEZ GRUESO,24.336.605-4,1,Liceo Mixto Los Andes Básica 1 - RBD 14201,si,no,,,,
"Tiene Informe a la Familia, falta Informe Psicopedagógico",Alumno en PIE360 con doc 7 y sin doc 27 (2026/legacy),Informe Psicopedagógico,27,5087,MAXIMO ANIBAL ARREDONDO HENRIQUEZ,24.230.487-K,1,Liceo Mixto Los Andes Básica 1 - RBD 14201,si,no,,,,
"Tiene Informe a la Familia, falta Informe Psicopedagógico",Alumno en PIE360 con doc 7 y sin doc 27 (2026/legacy),Informe Psicopedagógico,27,5097,JANS IGNACIO SALINAS HERRERA,23.242.739-6,1,Liceo Mixto Los Andes Básica 1 - RBD 14201,si,no,,,,
"Tiene Informe a la Familia, falta Informe Psicopedagógico",Alumno en PIE360 con doc 7 y sin doc 27 (2026/legacy),Informe Psicopedagógico,27,5118,FERNANDA MARIANA DIAZ LAGOS,25.180.395-1,1,Liceo Mixto Los Andes Básica 1 - RBD 14201,si,no,,,,
"Tiene Informe a la Familia, falta Informe Psicopedagógico",Alumno en PIE360 con doc 7 y sin doc 27 (2026/legacy),Informe Psicopedagógico,27,5130,ANGELO MARTIN CAMPOS LAZO,27.042.301-9,1,Liceo Mixto Los Andes Básica 1 - RBD 14201,si,no,,,,
"Tiene Informe a la Familia, falta Informe Psicopedagógico",Alumno en PIE360 con doc 7 y sin doc 27 (2026/legacy),Informe Psicopedagógico,27,5132,PABLO ANTONIO CAMPOS LAZO,27.042.328-0,1,Liceo Mixto Los Andes Básica 1 - RBD 14201,si,no,,,,
"Tiene Informe a la Familia, falta Informe Psicopedagógico",Alumno en PIE360 con doc 7 y sin doc 27 (2026/legacy),Informe Psicopedagógico,27,5136,DIEGO JESUS FUENZALIDA LEIVA,24.328.345-0,1,Liceo Mixto Los Andes Básica 1 - RBD 14201,si,no,,,,
"Tiene Informe a la Familia, falta Informe Psicopedagógico",Alumno en PIE360 con doc 7 y sin doc 27 (2026/legacy),Informe Psicopedagógico,27,5186,ALONSO ANDRE MUÑOZ MILLALONCO,27.355.793-8,1,Liceo Mixto Los Andes Básica 1 - RBD 14201,si,no,,,,
"Tiene Informe a la Familia, falta Informe Psicopedagógico",Alumno en PIE360 con doc 7 y sin doc 27 (2026/legacy),Informe Psicopedagógico,27,5196,KIHARA PAOLA RUIZ MORALES,100.817.616-3,1,Liceo Mixto Los Andes Básica 1 - RBD 14201,si,no,,,,
"Tiene Informe a la Familia, falta Informe Psicopedagógico",Alumno en PIE360 con doc 7 y sin doc 27 (2026/legacy),Informe Psicopedagógico,27,5210,DYLAN YEREMY JARA MURA,24.685.372-K,1,Liceo Mixto Los Andes Básica 1 - RBD 14201,si,no,,,,
"Tiene Informe a la Familia, falta Informe Psicopedagógico",Alumno en PIE360 con doc 7 y sin doc 27 (2026/legacy),Informe Psicopedagógico,27,5230,PASCAL MILUFER ARANZA SOBARZO NUÑEZ,25.250.086-3,1,Liceo Mixto Los Andes Básica 1 - RBD 14201,si,no,,,,
"Tiene Informe a la Familia, falta Informe Psicopedagógico",Alumno en PIE360 con doc 7 y sin doc 27 (2026/legacy),Informe Psicopedagógico,27,5231,PEDRO MAXIMILIANO SOBARZO NUÑEZ,26.647.814-3,1,Liceo Mixto Los Andes Básica 1 - RBD 14201,si,no,,,,
"Tiene Informe a la Familia, falta Informe Psicopedagógico",Alumno en PIE360 con doc 7 y sin doc 27 (2026/legacy),Informe Psicopedagógico,27,5232,AMARELI PASCAL VENEGAS OBREQUE,27.297.814-K,1,Liceo Mixto Los Andes Básica 1 - RBD 14201,si,no,,,,
"Tiene Informe a la Familia, falta Informe Psicopedagógico",Alumno en PIE360 con doc 7 y sin doc 27 (2026/legacy),Informe Psicopedagógico,27,5242,THOMAS BENJAMIN HERRERA ORTIZ,27.048.868-4,1,Liceo Mixto Los Andes Básica 1 - RBD 14201,si,no,,,,
"Tiene Informe a la Familia, falta Informe Psicopedagógico",Alumno en PIE360 con doc 7 y sin doc 27 (2026/legacy),Informe Psicopedagógico,27,5252,GAEL IGNACIO ROJO PALLANTE,24.993.759-2,1,Liceo Mixto Los Andes Básica 1 - RBD 14201,si,no,,,,
"Tiene Informe a la Familia, falta Informe Psicopedagógico",Alumno en PIE360 con doc 7 y sin doc 27 (2026/legacy),Informe Psicopedagógico,27,5259,MIA VALENTINA LEZAMA PATIÑO,100.652.414-8,1,Liceo Mixto Los Andes Básica 1 - RBD 14201,si,no,,,,
"Tiene Informe a la Familia, falta Informe Psicopedagógico",Alumno en PIE360 con doc 7 y sin doc 27 (2026/legacy),Informe Psicopedagógico,27,5260,ASTRID ELIF ROBLES PEREZ,26.110.269-2,1,Liceo Mixto Los Andes Básica 1 - RBD 14201,si,no,,,,
"Tiene Informe a la Familia, falta Informe Psicopedagógico",Alumno en PIE360 con doc 7 y sin doc 27 (2026/legacy),Informe Psicopedagógico,27,5263,FABIAN IGNACIO MONTOYA PEREZ,25.066.174-6,1,Liceo Mixto Los Andes Básica 1 - RBD 14201,si,no,,,,
"Tiene Informe a la Familia, falta Informe Psicopedagógico",Alumno en PIE360 con doc 7 y sin doc 27 (2026/legacy),Informe Psicopedagógico,27,5283,JOAQUIN SEBASTIAN CELEDON PULIDO,24.591.472-5,1,Liceo Mixto Los Andes Básica 1 - RBD 14201,si,no,,,,
"Tiene Informe a la Familia, falta Informe Psicopedagógico",Alumno en PIE360 con doc 7 y sin doc 27 (2026/legacy),Informe Psicopedagógico,27,5298,TRINIDAD MAGDALENA VERA RAMÍREZ,24.940.970-7,1,Liceo Mixto Los Andes Básica 1 - RBD 14201,si,no,,,,
"Tiene Informe a la Familia, falta Informe Psicopedagógico",Alumno en PIE360 con doc 7 y sin doc 27 (2026/legacy),Informe Psicopedagógico,27,5305,VICENTE KAEL GONZALEZ REYES,26.211.189-K,1,Liceo Mixto Los Andes Básica 1 - RBD 14201,si,no,,,,
"Tiene Informe a la Familia, falta Informe Psicopedagógico",Alumno en PIE360 con doc 7 y sin doc 27 (2026/legacy),Informe Psicopedagógico,27,5335,GASTON ENRIQUE SAAVEDRA SAAVEDRA,27.346.356-9,1,Liceo Mixto Los Andes Básica 1 - RBD 14201,si,no,,,,
"Tiene Informe a la Familia, falta Informe Psicopedagógico",Alumno en PIE360 con doc 7 y sin doc 27 (2026/legacy),Informe Psicopedagógico,27,5353,LORENZO BENJAMIN CONTRERAS SANDOVAL,27.418.505-8,1,Liceo Mixto Los Andes Básica 1 - RBD 14201,si,no,,,,
"Tiene Informe a la Familia, falta Informe Psicopedagógico",Alumno en PIE360 con doc 7 y sin doc 27 (2026/legacy),Informe Psicopedagógico,27,5422,VALENTÍN LEÓN RUBILAR VELASCO,25.929.943-8,1,Liceo Mixto Los Andes Básica 1 - RBD 14201,si,no,,,,
"Tiene Informe a la Familia, falta Informe Psicopedagógico",Alumno en PIE360 con doc 7 y sin doc 27 (2026/legacy),Informe Psicopedagógico,27,5428,ISABELLA FERNANDA ARANCIBIA VILCHES,25.661.072-8,1,Liceo Mixto Los Andes Básica 1 - RBD 14201,si,no,,,,
"Tiene Informe a la Familia, falta Informe Psicopedagógico",Alumno en PIE360 con doc 7 y sin doc 27 (2026/legacy),Informe Psicopedagógico,27,5444,AGUSTINA BELEN PERALTA ZAMORA,24.804.650-3,1,Liceo Mixto Los Andes Básica 1 - RBD 14201,si,no,,,,
